ID,Drzava,Ime,Kraj,Bancni racun,Panoga
1,Slovenia,Pouros and Sons,Mozirje,3557035556572763,Accounting Assistant II
2,Slovenia,"Green, Mante and Runolfsson",Laško,4903381001998068553,Account Coordinator
3,Slovenia,Berge LLC,Gotovlje,3529218325445108,Actuary
4,Slovenia,"Dibbert, Jacobson and Farrell",Šoštanj,3567281731916099,Developer IV
5,Slovenia,"Sanford, Langosh and Goyette",Lipovci,5602222977677948,Web Designer III
6,Slovenia,Rice-Cummerata,Idrija,30419437339662,Recruiter
7,Slovenia,Walker Group,Dobrovo,3541120649095201,Environmental Tech
8,Slovenia,Deckow Inc,Ljutomer,5602246018818823,Engineer III
9,Slovenia,Wisoky-Kuhic,Hrvatini,5641825172483186,Administrative Officer
10,Slovenia,Pollich LLC,Kobilje,6378994827332300,Systems Administrator IV
11,Slovenia,Johns Group,Gornji Petrovci,3576862740614756,Electrical Engineer
12,Slovenia,Ledner Inc,Mengeš,3545681698328989,Mechanical Systems Engineer
13,Slovenia,Kling-Blanda,Rakičan,3563130404432054,Quality Engineer
14,Slovenia,"Bahringer, Altenwerth and Schuster",Izlake,3529761091363658,Data Coordiator
15,Slovenia,Durgan-Emard,Solčava,5018077403938770618,Assistant Manager
16,Slovenia,Volkman-Fisher,Lokavec,5007669736257076,Automation Specialist IV
17,Slovenia,Zieme-Dietrich,Slovenj Gradec,376254158674415,Administrative Officer
18,Slovenia,Emard Group,Kobilje,5602236346769970,Physical Therapy Assistant
19,Slovenia,"Nader, Barton and Bartoletti",Rožna Dolina,6304729388330631697,Chief Design Engineer
20,Slovenia,"Runolfsson, Ankunding and Kunze",Lipovci,3541328330276325,Automation Specialist I
21,Slovenia,Bode Inc,Komenda,4026973512326349,Desktop Support Technician
22,Slovenia,Collier-Russel,Šmarje pri Jelšah,4041376662866844,Analog Circuit Design manager
23,Slovenia,Kessler-Nikolaus,Lokavec,341693351519160,Structural Engineer
24,Slovenia,Greenholt-Zulauf,Štore,3536396478366015,Senior Sales Associate
25,Slovenia,"Boyle, Conroy and Cremin",Radeče,3581023265710031,Pharmacist
26,Slovenia,"Towne, Hane and Stamm",Kobarid,3528727295386325,Administrative Officer
27,Slovenia,"Harber, Eichmann and Kuphal",Mežica,3572871587601358,Engineer II
28,Slovenia,Huel Group,Verd,3535702735454554,Tax Accountant
29,Slovenia,"Dickinson, Kovacek and Jakubowski",Kanal,4405989573800957,Recruiting Manager
30,Slovenia,Kemmer-Bednar,Ljutomer,5602248157291341,Research Associate
31,Slovenia,Hoeger-Herzog,Kozje,67062528103574129,Engineer IV
32,Slovenia,Yundt-Hickle,Pameče,3548120652262089,Nurse Practicioner
33,Slovenia,Reynolds-Jenkins,Lipovci,5602244367140796761,Recruiting Manager
34,Slovenia,"Considine, Haag and Stroman",Solkan,4026909224795363,Help Desk Operator
35,Slovenia,Kemmer-Huel,Notranje Gorice,337941146352983,Structural Analysis Engineer
36,Slovenia,"Prosacco, Dietrich and Wyman",Legen,3575346795118021,Payment Adjustment Coordinator
37,Slovenia,"Hoeger, Jakubowski and Smitham",Polzela,3580877302032837,VP Marketing
38,Slovenia,Gottlieb and Sons,Preserje pri Radomljah,3573479711512696,Associate Professor
39,Slovenia,Nikolaus-Sauer,Kisovec,6771071613317861,Chief Design Engineer
40,Slovenia,Bins Inc,Limbuš,5602242991131988855,Developer II
41,Slovenia,Kirlin and Sons,Pameče,4905545514044611380,Graphic Designer
42,Slovenia,Nader-Bechtelar,Sv. Trojica v Slov. Goricah,4913408476362366,Cost Accountant
43,Slovenia,Moen-Toy,Kranjska Gora,3532046835368782,Assistant Professor
44,Slovenia,MacGyver-Klein,Lendava,060426989725058600,Software Test Engineer II
45,Slovenia,"Kessler, Heathcote and Kohler",Dragomer,3559324491416312,Programmer IV
46,Slovenia,"Brown, Terry and Kuvalis",Moste,3574492707848155,Staff Accountant II
47,Slovenia,Gleichner LLC,Izlake,560222994976359587,Accounting Assistant I
48,Slovenia,Erdman-Yost,Velenje,633489029209856811,Civil Engineer
49,Slovenia,Eichmann LLC,Mežica,3528314758161519,Senior Quality Engineer
50,Slovenia,"Kessler, Greenholt and Dare",Lokavec,5246677146253917,Associate Professor
51,Slovenia,Stehr LLC,Puconci,5602232492586691278,Physical Therapy Assistant
52,Slovenia,"Kunze, Ebert and Reichel",Černelavci,560221644577353072,Statistician I
53,Slovenia,Ullrich Group,Hrib-Loški Potok,5593309958746163,Help Desk Operator
54,Slovenia,"West, Botsford and McClure",Metlika,5551657217223253,Senior Editor
55,Slovenia,Fisher-Aufderhar,Log pri Brezovici,3578715685786930,Analyst Programmer
56,Slovenia,Heller-Collins,Beltinci,3582727857756165,Sales Representative
57,Slovenia,"Casper, Hagenes and Cronin",Tržič,3581198692060364,Environmental Tech
58,Slovenia,Greenholt-Harris,Jurovski Dol,30010176067711,Information Systems Manager
59,Slovenia,Powlowski Inc,Moravče,560221304018486946,Clinical Specialist
60,Slovenia,Kuvalis-Schneider,Škofljica,6384719689303566,Recruiting Manager
61,Slovenia,Green-Wisoky,Kozje,3545685564911315,Registered Nurse
62,Slovenia,"Yost, Effertz and Moen",Kočevje,5100132420393810,Research Nurse
63,Slovenia,Reichel Inc,Vitomarci,6371364067627347,VP Sales
64,Slovenia,"Wilderman, Stracke and Heathcote",Hrib-Loški Potok,6759148124513497,Senior Cost Accountant
65,Slovenia,Schmidt Inc,Hrvatini,201761624286427,Librarian
66,Slovenia,Quigley-Heathcote,Koroška Bela,3528258920113215,Information Systems Manager
67,Slovenia,Strosin Inc,Lipovci,5543901915729232,Help Desk Operator
68,Slovenia,"Schiller, Murazik and Murray",Lukovica pri Domžalah,3570292910448783,Financial Analyst
69,Slovenia,Cremin-Kiehn,Hrvatini,201737814888990,Developer I
70,Slovenia,"Koch, Mohr and Conroy",Luče,670983832615487664,Technical Writer
71,Slovenia,"O'Hara, Bernier and Prohaska",Trbovlje,4041594684855047,Accounting Assistant III
72,Slovenia,"Corkery, O'Keefe and Stracke",Šenčur,3529481432107785,Information Systems Manager
73,Slovenia,Koss-Metz,Kamnica,5038072315427692736,Junior Executive
74,Slovenia,Parker-Hagenes,Šentvid pri Stični,3571971849130146,Executive Secretary
75,Slovenia,Legros-Gerlach,Komenda,677103861349527669,Research Nurse
76,Slovenia,"Eichmann, Fadel and Leffler",Morje,3583058738154829,Senior Editor
77,Slovenia,Haley-Trantow,Kisovec,3550835212675273,Recruiter
78,Slovenia,Ondricka-Hoppe,Kočevje,67714539313432364,GIS Technical Architect
79,Slovenia,Grimes-Davis,Kostel,3588767134055613,Assistant Media Planner
80,Slovenia,Rippin-Lesch,Radlje ob Dravi,67616710591353312,General Manager
81,Slovenia,Maggio-Kilback,Trnovska Vas,3582024758217004,Administrative Officer
82,Slovenia,"Kemmer, Mann and Bernhard",Postojna,3552994552322786,Compensation Analyst
83,Slovenia,Breitenberg LLC,Razvanje,372301075703738,Sales Associate
84,Slovenia,"Moore, Cummerata and Beer",Zasip,67633735216203229,Accounting Assistant II
85,Slovenia,Gutmann-Boehm,Škofljica,5010128836389789,Senior Developer
86,Slovenia,"Durgan, Bayer and Thiel",Sv. Ana v Slov. Goricah,3538904588412385,Pharmacist
87,Slovenia,Baumbach Inc,Juršinci,337941460471765,Marketing Assistant
88,Slovenia,Parisian LLC,Osilnica,5154801759028362,Junior Executive
89,Slovenia,"Daugherty, Marvin and Medhurst",Preserje pri Radomljah,3575314878301492,Developer IV
90,Slovenia,Legros-Weissnat,Bakovci,5048372253142802,Physical Therapy Assistant
91,Slovenia,Hand and Sons,Štore,3566315622796367,Recruiter
92,Slovenia,Weimann and Sons,Mengeš,5007664728968343,Editor
93,Slovenia,Gerhold LLC,Ribnica na Pohorju,30487613974461,Operator
94,Slovenia,"Franecki, Considine and Mueller",Žalec,30407859803422,Internal Auditor
95,Slovenia,Hermann-Hand,Rogoza,676779824985952018,Librarian
96,Slovenia,Considine and Sons,Šmartno pri Litiji,6382210838164630,Social Worker
97,Slovenia,Ledner Inc,Nazarje,6761188574745450,Account Coordinator
98,Slovenia,Schaden-Hoeger,Postojna,56022201611580515,Associate Professor
99,Slovenia,Ortiz-Cruickshank,Trnovlje pri Celju,374622160405063,Programmer IV
100,Slovenia,Marvin LLC,Kanal,3554614057504708,Health Coach II
101,Slovenia,"Daniel, Jast and Hane",Notranje Gorice,6706444745647850742,Chief Design Engineer
102,Slovenia,Casper-Rippin,Mozirje,4936803707633945,Speech Pathologist
103,Slovenia,Ondricka-Becker,Železniki,3575294087324149,Assistant Media Planner
104,Slovenia,Bogan-Rolfson,Polzela,379276801439554,Senior Financial Analyst
105,Slovenia,Hamill and Sons,Kranj,3564523292440107,Software Consultant
106,Slovenia,Jacobson-Schulist,Hrastnik,4905504353169768413,Administrative Assistant II
107,Slovenia,Paucek Inc,Pesnica pri Mariboru,3545511645781701,Technical Writer
108,Slovenia,Windler-Feil,Trnovska Vas,6706351130584422790,Environmental Tech
109,Slovenia,Kreiger-Goodwin,Kisovec,67716489221220469,Director of Sales
110,Slovenia,Rempel LLC,Šmartno pri Litiji,5610340865200811,Librarian
111,Slovenia,"Rowe, Smith and Russel",Koper,5602253328397506,Sales Representative
112,Slovenia,Hackett and Sons,Kranj,3566903125618509,Staff Accountant I
113,Slovenia,Jacobi and Sons,Lokavec,4026994207322716,Desktop Support Technician
114,Slovenia,"Rippin, Deckow and Lebsack",Mengeš,3560510888159393,Sales Associate
115,Slovenia,Johns-Hoeger,Hrušica,3570465323005271,Software Engineer I
116,Slovenia,"Stehr, Schimmel and Ernser",Cerklje na Gorenjskem,3571824490730575,Payment Adjustment Coordinator
117,Slovenia,Schneider LLC,Grosuplje,30567222624373,Account Coordinator
118,Slovenia,Welch-Kirlin,Kamnica,4903639578084417323,Speech Pathologist
119,Slovenia,"Yundt, Bosco and Larkin",Divača,3563151511302345,Accounting Assistant IV
120,Slovenia,Purdy Inc,Ravne,5007660856184331,Sales Associate
121,Slovenia,"Flatley, Denesik and Murazik",Žirovnica,3583134892765955,Desktop Support Technician
122,Slovenia,Willms-Upton,Žalec,3575324508313387,Director of Sales
123,Slovenia,"Daugherty, O'Reilly and Spencer",Ribnica na Pohorju,63047002694505057,Staff Accountant IV
124,Slovenia,Kirlin Group,Trzin,060434122530832247,Teacher
125,Slovenia,Douglas-Mitchell,Bilje,3554019106892783,Structural Engineer
126,Slovenia,"Friesen, Wisoky and Welch",Izlake,4508745167757946,Information Systems Manager
127,Slovenia,"Schulist, Hayes and Pacocha",Preserje pri Radomljah,3532213642859177,Engineer IV
128,Slovenia,"Runolfsdottir, Osinski and Hermiston",Mokronog,201625239628390,Senior Developer
129,Slovenia,Daniel-Fisher,Destrnik,3528650173258368,Budget/Accounting Analyst II
130,Slovenia,Kovacek Inc,Ruše,3551633068076244,Product Engineer
131,Slovenia,"Crona, Lebsack and VonRueden",Ljubno ob Savinji,6706754698758535,Software Test Engineer III
132,Slovenia,"Krajcik, Schulist and Franecki",Leskovec pri Krškem,5100177553307632,Clinical Specialist
133,Slovenia,"Hahn, Kling and Carroll",Škofljica,4911419644271316,Pharmacist
134,Slovenia,Beier-Boehm,Polzela,5002355356995741,Civil Engineer
135,Slovenia,Considine and Sons,Ljubno ob Savinji,3555463005653301,Chief Design Engineer
136,Slovenia,Stiedemann Group,Zgornje Pirniče,490341980236518753,Business Systems Development Analyst
137,Slovenia,Harvey LLC,Rače,3578785494304662,Actuary
138,Slovenia,"Harris, Bogisich and Reynolds",Šentilj v Slov. Goricah,3561706492023442,Staff Scientist
139,Slovenia,"Grimes, Mohr and Fisher",Bistrica pri Tržiču,371848683957248,Geological Engineer
140,Slovenia,Kshlerin-Crona,Gotovlje,6370097252930669,Nurse
141,Slovenia,"Schultz, Schmitt and Dare",Solkan,30145771732259,Associate Professor
142,Slovenia,Bayer LLC,Moravče,3537482871114472,Speech Pathologist
143,Slovenia,Bergnaum Group,Velenje,5602238445271932,Engineer I
144,Slovenia,Treutel-Sawayn,Kočevje,5100133178371990,Structural Analysis Engineer
145,Slovenia,"Roberts, Schmidt and O'Hara",Turnišče,3534210248949343,Paralegal
146,Slovenia,"Upton, Satterfield and Hudson",Hodoš,6334304497259861,Sales Associate
147,Slovenia,Zboncak-McGlynn,Hrib-Loški Potok,201738133772337,Business Systems Development Analyst
148,Slovenia,"Lakin, Hickle and Collier",Solčava,374283095911392,Help Desk Technician
149,Slovenia,Simonis and Sons,Trbovlje,3551016849770782,Quality Engineer
150,Slovenia,Klein and Sons,Legen,201909261173891,Technical Writer
151,Slovenia,Stark LLC,Lenart v Slov. Goricah,3573301978862392,Librarian
152,Slovenia,Muller-Rohan,Šentilj v Slov. Goricah,30529115472005,Professor
153,Slovenia,"Nikolaus, Baumbach and Kulas",Ormož,5597615747142746,Administrative Officer
154,Slovenia,"Block, Stiedemann and Stark",Piran,6371230405975740,Physical Therapy Assistant
155,Slovenia,Conn Inc,Idrija,4508586825298034,Internal Auditor
156,Slovenia,Abshire-Casper,Škofljica,3535470517190610,Assistant Media Planner
157,Slovenia,"Legros, Bradtke and Rohan",Zgornje Gorje,3533709833415637,Nuclear Power Engineer
158,Slovenia,Runolfsson Inc,Limbuš,3577374539241683,Sales Representative
159,Slovenia,Cassin Inc,Mengeš,5312084207688157,Project Manager
160,Slovenia,Anderson-Rohan,Kidričevo,3581667482890685,Speech Pathologist
161,Slovenia,Bednar-Ritchie,Ljubno ob Savinji,4041593928042354,Senior Developer
162,Slovenia,Hoppe and Sons,Izlake,5602235104191922,Systems Administrator II
163,Slovenia,Ruecker Group,Cerkvenjak,3549121158476446,Junior Executive
164,Slovenia,Hansen-Becker,Zgornje Pirniče,3554906885433278,Database Administrator III
165,Slovenia,Ferry-Connelly,Kranjska Gora,3548702058655105,Speech Pathologist
166,Slovenia,"Keeling, Homenick and Gusikowski",Dob,3579837540525441,Nurse Practicioner
167,Slovenia,"Gibson, Corkery and Dicki",Črenšovci,6709461357408602205,Help Desk Operator
168,Slovenia,McDermott-Hintz,Žalec,5336197985629854,Computer Systems Analyst I
169,Slovenia,"Bednar, Wiegand and Hilll",Rožna Dolina,3583937972530630,Senior Editor
170,Slovenia,"McCullough, McGlynn and Hartmann",Mengeš,3545466929987690,Nurse
171,Slovenia,Strosin-Lemke,Kamnica,56022553484497353,Librarian
172,Slovenia,Cassin Inc,Beltinci,63043174149572117,VP Sales
173,Slovenia,Treutel and Sons,Radlje ob Dravi,3547923070868333,Occupational Therapist
174,Slovenia,"O'Kon, Smitham and Schaefer",Spodnja Hajdina,675942138555886694,Food Chemist
175,Slovenia,Rau-Abshire,Vitomarci,6373000933061349,Geological Engineer
176,Slovenia,Kertzmann-Botsford,Hrastnik,3533337648075675,Senior Cost Accountant
177,Slovenia,Strosin and Sons,Zasip,4175005064141708,Nurse
178,Slovenia,Waelchi-Rath,Lukovica pri Domžalah,5534676539871278,Community Outreach Specialist
179,Slovenia,Dicki-Grimes,Jurovski Dol,3542547131804972,Electrical Engineer
180,Slovenia,"West, Gorczany and Bins",Zabukovica,30062056888203,Systems Administrator II
181,Slovenia,Botsford Inc,Dragomer,3588531540144498,Sales Associate
182,Slovenia,"Parisian, Pagac and Kozey",Štore,3533969703010914,Account Representative I
183,Slovenia,Hamill LLC,Radeče,3547437129570154,Account Executive
184,Slovenia,Smitham Group,Portorož,6709745471650656,VP Sales
185,Slovenia,Yost and Sons,Moste,30077304810387,Legal Assistant
186,Slovenia,Runte-VonRueden,Šentjur,5610278186649078,Media Manager I
187,Slovenia,"Ullrich, Flatley and Bogisich",Hrastnik,5380330006944649,Associate Professor
188,Slovenia,"Altenwerth, Christiansen and Bergnaum",Lipovci,490309725273742752,Mechanical Systems Engineer
189,Slovenia,"Wiegand, Altenwerth and Hirthe",Hrastnik,5264676736894921,Safety Technician II
190,Slovenia,Thompson LLC,Slovenj Gradec,3586673602675597,Senior Cost Accountant
191,Slovenia,Bednar-Jakubowski,Sv. Anton,3546021653923046,Mechanical Systems Engineer
192,Slovenia,Abernathy-Waters,Ribnica na Pohorju,6333154738029647565,Programmer III
193,Slovenia,Rogahn LLC,Zabukovica,4905716728497074861,Dental Hygienist
194,Slovenia,Stokes-Friesen,Hrvatini,3540547398361437,Assistant Manager
195,Slovenia,"Kuhn, Pfeffer and Weimann",Dobje pri Planini,5602223135272465,Occupational Therapist
196,Slovenia,Kautzer and Sons,Kanal,340696077706087,Software Test Engineer III
197,Slovenia,Boyer-Lindgren,Beltinci,5010127299072411,Assistant Media Planner
198,Slovenia,Medhurst-Kemmer,Sv. Trojica v Slov. Goricah,3575582330466851,GIS Technical Architect
199,Slovenia,"Cartwright, Homenick and Paucek",Vir,5002351557150608,Account Executive
200,Slovenia,Douglas LLC,Lavrica,3547497052034164,Actuary
201,Slovenia,Dickinson-Satterfield,Kobarid,5405574979235391,Operator
202,Slovenia,Waters-Hansen,Puconci,3580495539760102,Administrative Officer
203,Slovenia,"Gulgowski, Wintheiser and Hudson",Bilje,201884648818924,Budget/Accounting Analyst I
204,Slovenia,Jerde-Heller,Lendava,3558604561276881,Sales Associate
205,Slovenia,"Pollich, Denesik and Gutkowski",Šentilj v Slov. Goricah,3576647251993651,Recruiting Manager
206,Slovenia,Dach Group,Morje,5508296369480140,Mechanical Systems Engineer
207,Slovenia,Bogisich and Sons,Solkan,5602225443420082,Assistant Professor
208,Slovenia,"Morissette, Fay and Rempel",Grosuplje,4405496292836973,Accountant I
209,Slovenia,"Kozey, Hagenes and Lind",Zgornje Pirniče,5430799830157356,Librarian
210,Slovenia,Collier-Spencer,Slovenske Konjice,0604735599080810,Marketing Manager
211,Slovenia,Greenholt Inc,Hodoš,3573529722131520,Office Assistant I
212,Slovenia,"Reichert, Weimann and Parker",Črenšovci,5602218938380234,Community Outreach Specialist
213,Slovenia,"Considine, Lebsack and Yundt",Lovrenc na Pohorju,6333039280208767279,Social Worker
214,Slovenia,"Schmitt, Bergnaum and Zboncak",Zgornje Bitnje,379146015453347,Geologist IV
215,Slovenia,Bins-Weber,Rogoza,3535580249396374,Physical Therapy Assistant
216,Slovenia,"Hilpert, Lakin and Legros",Legen,3558048224951771,Automation Specialist III
217,Slovenia,Altenwerth-Mann,Šentvid pri Stični,060477496648408084,Assistant Professor
218,Slovenia,"Weimann, O'Hara and Kreiger",Trzin,3563569997531287,Geologist I
219,Slovenia,"Rosenbaum, King and Jast",Postojna,6709662278413669,GIS Technical Architect
220,Slovenia,"Miller, Walker and Cassin",Vitanje,201977692560101,Assistant Manager
221,Slovenia,"Wunsch, Witting and Fahey",Vuzenica,5048372094994577,Marketing Manager
222,Slovenia,"Schumm, Hermiston and Fay",Zgornje Bitnje,3582678224368996,Senior Quality Engineer
223,Slovenia,Rogahn Group,Slovenska Bistrica,3542714525317439,Safety Technician I
224,Slovenia,Cronin-Dooley,Šentilj v Slov. Goricah,374622830614003,Pharmacist
225,Slovenia,"Schiller, McCullough and Jacobi",Solčava,3586803550334836,Account Representative I
226,Slovenia,"Ebert, Jacobson and Davis",Beltinci,3560183152082004,Staff Scientist
227,Slovenia,Ritchie LLC,Mežica,3554821390885591,Financial Advisor
228,Slovenia,MacGyver-O'Conner,Destrnik,347472422234941,Business Systems Development Analyst
229,Slovenia,Bradtke-Legros,Senovo,3543811302224926,Professor
230,Slovenia,Nolan-Reichel,Izlake,3560961658296123,Assistant Media Planner
231,Slovenia,"Pfeffer, Kshlerin and Kautzer",Metlika,503808718053934794,Analyst Programmer
232,Slovenia,Hudson Inc,Šmarje pri Jelšah,5602213592700678,VP Sales
233,Slovenia,"Harvey, Metz and Legros",Gornji Petrovci,3561674077578281,Geological Engineer
234,Slovenia,Kulas-Hermiston,Kisovec,6706276429787647381,Librarian
235,Slovenia,Pollich Group,Izlake,5391735096182784,Community Outreach Specialist
236,Slovenia,Wilderman-O'Kon,Hrastnik,3553519002708521,Nuclear Power Engineer
237,Slovenia,Bailey-Parker,Kranjska Gora,3579809939631924,Clinical Specialist
238,Slovenia,Ferry Inc,Zgornje Bitnje,3566728849268012,Graphic Designer
239,Slovenia,Rogahn-Purdy,Poljčane,30319612087062,Staff Scientist
240,Slovenia,"Mertz, Vandervort and Fritsch",Poljčane,3586276509478295,VP Product Management
241,Slovenia,"Howe, Bruen and Dare",Gotovlje,56022177036445585,Financial Advisor
242,Slovenia,DuBuque-Hickle,Zabukovica,3564952334608100,Senior Developer
243,Slovenia,Rath-Gleason,Morje,3588294242559386,Account Executive
244,Slovenia,Stanton LLC,Divača,370285848965124,Help Desk Technician
245,Slovenia,"Orn, Nikolaus and Crist",Razvanje,3560705726576861,Administrative Officer
246,Slovenia,Crooks Inc,Pesnica pri Mariboru,3568172732831305,Help Desk Operator
247,Slovenia,Pagac-Blick,Tabor,3544416657367624,Safety Technician III
248,Slovenia,Medhurst LLC,Ribnica na Pohorju,3528407660963293,VP Marketing
249,Slovenia,Price-O'Conner,Mežica,5007660534928273,Executive Secretary
250,Slovenia,"Sawayn, Kihn and Stamm",Zavrč,201846199065007,Recruiting Manager
251,Slovenia,"Konopelski, Cummerata and Kihn",Rače,30046098172551,Sales Associate
252,Slovenia,Witting-Keeling,Vitanje,3532698809584289,Administrative Assistant IV
253,Slovenia,Batz and Sons,Morje,3569186998290120,Environmental Tech
254,Slovenia,Lang Group,Kobilje,3583560207542848,Health Coach I
255,Slovenia,Weissnat-Batz,Lovrenc na Pohorju,5602240521789290,Engineer II
256,Slovenia,"Shields, Langworth and Goyette",Šentjur,490355923385869356,Staff Scientist
257,Slovenia,Schowalter-Morar,Bilje,4936386412042677,Administrative Officer
258,Slovenia,Fadel LLC,Trzin,560222692016190919,Nurse
259,Slovenia,Quigley-Ward,Žalec,560222619401207495,Administrative Officer
260,Slovenia,Rohan-D'Amore,Destrnik,56102017044164047,Help Desk Operator
261,Slovenia,Kilback-Stark,Moste,201444056356766,Statistician IV
262,Slovenia,"Schimmel, Koepp and Kuhlman",Apače,3528140596327859,Accounting Assistant IV
263,Slovenia,"Rogahn, Wisozk and Langosh",Šalovci,56022401076659925,Occupational Therapist
264,Slovenia,Jacobi LLC,Rakek,3547570320718832,Pharmacist
265,Slovenia,Towne Inc,Hrib-Loški Potok,3531314155747865,Legal Assistant
266,Slovenia,"Fritsch, Rowe and Becker",Deskle,3558977051436425,Analog Circuit Design manager
267,Slovenia,Mitchell and Sons,Lipovci,30183107968388,Developer II
268,Slovenia,Lueilwitz Group,Mokronog,3573116010515190,Associate Professor
269,Slovenia,Frami Inc,Hrvatini,201678722556743,Technical Writer
270,Slovenia,Zemlak-Murazik,Bovec,201539523015323,Associate Professor
271,Slovenia,Casper-Cormier,Rakičan,3546306181258209,Cost Accountant
272,Slovenia,"O'Kon, Harris and Heller",Hrib-Loški Potok,3554685728779036,Compensation Analyst
273,Slovenia,Bayer Group,Gornji Petrovci,5602248973327683,Engineer III
274,Slovenia,Pollich Group,Metlika,3545682911275221,Biostatistician III
275,Slovenia,Jerde-Treutel,Leskovec pri Krškem,3557587042602745,Senior Cost Accountant
276,Slovenia,Streich-Gottlieb,Vir,3538548083849854,Nurse Practicioner
277,Slovenia,"Harber, Crooks and Schultz",Hrastnik,3562021334024601,Staff Accountant III
278,Slovenia,"Roob, Bashirian and Schinner",Lenart v Slov. Goricah,4913365715492927,Structural Engineer
279,Slovenia,Crona-Dare,Šentjur,3580649345927897,Speech Pathologist
280,Slovenia,Krajcik Group,Koroška Bela,3546731043513170,Accountant I
281,Slovenia,Kemmer LLC,Legen,30422650138035,Assistant Media Planner
282,Slovenia,Connelly-Glover,Kobilje,201738467203123,Environmental Specialist
283,Slovenia,McKenzie LLC,Solkan,337941224236892,Human Resources Assistant I
284,Slovenia,Bernier-Hammes,Hrušica,3530982552954945,Sales Associate
285,Slovenia,"Torphy, McClure and Stanton",Kamnica,3589841418445318,Programmer Analyst I
286,Slovenia,Bayer and Sons,Bistrica ob Sotli,5602252406303105,Assistant Media Planner
287,Slovenia,Orn Group,Zgornje Jezersko,3559176989838096,Programmer Analyst II
288,Slovenia,Abbott-Keeling,Ravne,3535567794718037,Accountant III
289,Slovenia,Douglas-Veum,Ravne na Koroškem,5533931776117906,Product Engineer
290,Slovenia,Kiehn LLC,Morje,6334373441977020652,Staff Scientist
291,Slovenia,"Fritsch, Gusikowski and Weimann",Lipovci,3548962095752121,Programmer Analyst IV
292,Slovenia,Collins-Schmeler,Šentjur,6331102737194401904,Developer I
293,Slovenia,"Weimann, Hegmann and Quigley",Gornji Petrovci,5452386274881254,Environmental Tech
294,Slovenia,Wiegand-Nader,Rakek,5610072562814236,Account Representative IV
295,Slovenia,Satterfield LLC,Razvanje,30193812745047,Assistant Media Planner
296,Slovenia,Schimmel Group,Turnišče,3572758127899057,Physical Therapy Assistant
297,Slovenia,Huel-Reichert,Moravče,3575485927597684,Research Nurse
298,Slovenia,Considine-D'Amore,Slovenski Javornik,6709747634726289378,Financial Analyst
299,Slovenia,Feil Inc,Vitanje,3563422536320160,Recruiter
300,Slovenia,Kreiger and Sons,Šentvid pri Stični,4913289693145887,Administrative Assistant II
301,Slovenia,"Borer, Rolfson and Lynch",Trnovska Vas,4175009309486589,Registered Nurse
302,Slovenia,"Monahan, Wehner and Schultz",Solkan,5010121051305424,Executive Secretary
303,Slovenia,Adams Inc,Kočevje,3586410381058624,Assistant Professor
304,Slovenia,Doyle LLC,Luče,6767565845699323,GIS Technical Architect
305,Slovenia,"Bergnaum, Lockman and Runolfsson",Šmarje pri Jelšah,4189727232795321,Librarian
306,Slovenia,Rolfson and Sons,Ravne na Koroškem,3565561662232562,Professor
307,Slovenia,Fadel-Schamberger,Ribnica na Pohorju,3549994651462208,Senior Financial Analyst
308,Slovenia,Mueller-MacGyver,Laško,372259737270175,Research Associate
309,Slovenia,Quitzon Inc,Tišina,0604721933297091653,Professor
310,Slovenia,"Considine, Gleason and Schaefer",Bistrica ob Sotli,3560486899937319,Database Administrator IV
311,Slovenia,"Murray, Wisozk and Fritsch",Moravče,3559484788614035,Senior Sales Associate
312,Slovenia,"Weber, Ondricka and Johns",Zgornje Pirniče,3551042842089038,Technical Writer
313,Slovenia,Kessler Inc,Sv. Ana v Slov. Goricah,6370512566156041,Pharmacist
314,Slovenia,"Will, Schmeler and Cummerata",Velenje,3554564166060748,Assistant Professor
315,Slovenia,Carter-Herman,Leskovec pri Krškem,3574670175548445,Senior Sales Associate
316,Slovenia,"Erdman, Klocko and Bartell",Idrija,3539877682275602,Internal Auditor
317,Slovenia,"Denesik, White and Cummings",Legen,3560096136555608,Civil Engineer
318,Slovenia,Corkery and Sons,Turnišče,4405149163926312,Programmer Analyst II
319,Slovenia,Flatley LLC,Videm pri Ptuju,3558786595339403,Software Consultant
320,Slovenia,Beier Inc,Kanal,3556962941032693,Structural Analysis Engineer
321,Slovenia,Armstrong-Cartwright,Trnovlje pri Celju,3536372671724565,Environmental Tech
322,Slovenia,"Hegmann, Zulauf and Toy",Poljčane,3569913557373173,Structural Analysis Engineer
323,Slovenia,"Tillman, Romaguera and Towne",Koper,3535702673035621,Editor
324,Slovenia,"McGlynn, Cole and Ankunding",Verd,30362159777059,Physical Therapy Assistant
325,Slovenia,"Tremblay, Romaguera and Gislason",Ribnica na Pohorju,5515085210357099,Software Engineer IV
326,Slovenia,Terry-Denesik,Šoštanj,3540850862455135,VP Sales
327,Slovenia,Orn and Sons,Sv. Ana v Slov. Goricah,30302732977156,Marketing Manager
328,Slovenia,Kuhlman Inc,Kanal,3567261659462003,Software Test Engineer I
329,Slovenia,"Balistreri, Baumbach and Bernier",Lokavec,5602239031421105,Graphic Designer
330,Slovenia,Witting-Cremin,Solčava,670617792341490701,Quality Control Specialist
331,Slovenia,"Swaniawski, Stoltenberg and Adams",Bovec,4175007852264411,Web Developer IV
332,Slovenia,Cummings-Hartmann,Tržič,4917534035737891,Product Engineer
333,Slovenia,Goodwin and Sons,Škofljica,3531624990117326,Computer Systems Analyst I
334,Slovenia,McLaughlin-Kuphal,Zgornje Jezersko,3552282568678130,VP Marketing
335,Slovenia,Yundt-Graham,Trzin,3566825258195247,Design Engineer
336,Slovenia,Dibbert Inc,Cerklje na Gorenjskem,3536824785781949,Research Associate
337,Slovenia,"Schamberger, Kuvalis and Dare",Legen,3574191141051752,Nurse Practicioner
338,Slovenia,"Kutch, Lesch and Connelly",Trbovlje,5217970468264090,Director of Sales
339,Slovenia,"Fritsch, Kovacek and Predovic",Ormož,3586013839163028,Office Assistant II
340,Slovenia,Hilpert-Swift,Ruše,3561605391753713,Accountant IV
341,Slovenia,Rice-Zieme,Lendava,5602247732198088,Assistant Media Planner
342,Slovenia,Carroll LLC,Hodoš,4508214334628654,Actuary
343,Slovenia,"Volkman, Schumm and Lockman",Trbovlje,3585286085485227,Senior Quality Engineer
344,Slovenia,Schowalter and Sons,Moste,4844618049264774,Budget/Accounting Analyst I
345,Slovenia,Schiller Inc,Jurovski Dol,374283725861702,Media Manager II
346,Slovenia,Kub-Upton,Kobarid,30363906756909,Human Resources Assistant IV
347,Slovenia,Gerhold-Bradtke,Metlika,4911286591991570,Chief Design Engineer
348,Slovenia,Wehner Group,Bistrica ob Sotli,378034928778821,Internal Auditor
349,Slovenia,"Abbott, Hagenes and Morar",Lenart v Slov. Goricah,3579646938188666,VP Product Management
350,Slovenia,O'Conner Inc,Šmarje pri Jelšah,5020846354614282,Recruiter
351,Slovenia,"Douglas, Lubowitz and Bruen",Žalec,63042367283861202,Financial Analyst
352,Slovenia,"Hilpert, Cummerata and Bartell",Šentjur,3551364072792283,Dental Hygienist
353,Slovenia,Botsford-Ondricka,Ankaran,5602251998716658,Account Coordinator
354,Slovenia,Nienow-Swaniawski,Tržič,4026707989386307,Pharmacist
355,Slovenia,"Flatley, Frami and Braun",Notranje Gorice,3534151148936875,Teacher
356,Slovenia,Friesen Group,Piran,560224011344757257,Assistant Manager
357,Slovenia,Murphy LLC,Lavrica,4175007956548081,Accountant I
358,Slovenia,Jones Inc,Zgornje Pirniče,56022511534516770,Nuclear Power Engineer
359,Slovenia,Rogahn Group,Pameče,3535649227869221,Electrical Engineer
360,Slovenia,Morar LLC,Kobarid,5602234692413749,Research Assistant IV
361,Slovenia,Wilkinson-Schimmel,Zabukovica,3565273527906410,Librarian
362,Slovenia,"Ernser, Mitchell and Green",Postojna,30456522801032,Web Developer IV
363,Slovenia,Romaguera and Sons,Slovenj Gradec,5100143981510940,Account Coordinator
364,Slovenia,"Bergstrom, Luettgen and Aufderhar",Dob,3553734162616964,Research Assistant III
365,Slovenia,Goldner Inc,Koper,3562790550724876,Research Associate
366,Slovenia,Reynolds-Hodkiewicz,Dornava,3568956010785476,Operator
367,Slovenia,Abbott-Schmeler,Limbuš,3551173203105665,Accountant II
368,Slovenia,"Ondricka, Schaefer and Douglas",Zabukovica,6334616893791358923,Recruiter
369,Slovenia,Franecki Group,Vrtojba,5602236542787391627,Legal Assistant
370,Slovenia,Lindgren and Sons,Kočevje,3566224779799531,Physical Therapy Assistant
371,Slovenia,"Haley, Johns and Hoeger",Ankaran,4175001921051461,Administrative Officer
372,Slovenia,"Johnson, Zulauf and Grimes",Lokavec,30511713131746,Sales Representative
373,Slovenia,Lockman Inc,Vrtojba,3532454885249177,Geologist IV
374,Slovenia,"Corkery, Glover and Jacobi",Laško,56103993788986275,Recruiter
375,Slovenia,"Grant, Schowalter and Lueilwitz",Notranje Gorice,3551985336074256,Chief Design Engineer
376,Slovenia,"Beer, Huels and Dooley",Lukovica pri Domžalah,5038126453561621,VP Quality Control
377,Slovenia,Reichel-Kunde,Log pri Brezovici,3550441842208146,Accountant III
378,Slovenia,"Stanton, Schuppe and Homenick",Sv. Anton,630496125854954450,General Manager
379,Slovenia,Hickle-Buckridge,Apače,5182506993974695,Sales Representative
380,Slovenia,Beier LLC,Solčava,5235652752883748,Operator
381,Slovenia,Feeney-Wolf,Ljubno ob Savinji,201724697883702,Budget/Accounting Analyst II
382,Slovenia,Ryan-Kuvalis,Pameče,3584097890569878,Quality Engineer
383,Slovenia,Klein Group,Sv. Ana v Slov. Goricah,5100134026219928,Analog Circuit Design manager
384,Slovenia,Ondricka LLC,Ravne,50201793701621155,Financial Analyst
385,Slovenia,"Skiles, Veum and Dickens",Ljutomer,4917210162568637,Community Outreach Specialist
386,Slovenia,Schneider and Sons,Cerklje na Gorenjskem,3581097792355668,Recruiter
387,Slovenia,Walter-Nolan,Postojna,3566206830068485,Computer Systems Analyst II
388,Slovenia,"Schuster, Douglas and Heaney",Poljčane,630401159459302140,Structural Analysis Engineer
389,Slovenia,Yundt and Sons,Mozirje,3571626868695342,Librarian
390,Slovenia,Barrows-Hansen,Šmarje pri Jelšah,3535719412988530,Recruiter
391,Slovenia,"Dibbert, Bins and Johns",Vitanje,3568582016573599,Cost Accountant
392,Slovenia,"Hilpert, Conn and Erdman",Piran,5893280665829203,Account Executive
393,Slovenia,Connelly Inc,Hodoš,3528807775621688,Structural Analysis Engineer
394,Slovenia,Blick-Rohan,Radlje ob Dravi,3540170968020414,Payment Adjustment Coordinator
395,Slovenia,Torp-Pacocha,Apače,3580753096509738,Paralegal
396,Slovenia,"Purdy, Stracke and Konopelski",Šentjur,3543399411496361,Research Assistant III
397,Slovenia,"Prohaska, Nikolaus and Lubowitz",Vitanje,3583599789595436,Account Executive
398,Slovenia,Heller Group,Vitanje,3587461324728061,Sales Associate
399,Slovenia,Dibbert-Feest,Radeče,3565909361301859,Quality Engineer
400,Slovenia,Sawayn-Botsford,Cerkvenjak,3546091555136823,Office Assistant II
401,Slovenia,DuBuque-Yost,Trzin,4405721925508198,Accounting Assistant II
402,Slovenia,Zulauf-Mohr,Destrnik,372301369042645,Design Engineer
403,Slovenia,Kuhic and Sons,Koroška Bela,5602233133132130861,Payment Adjustment Coordinator
404,Slovenia,Haag Group,Šalovci,5610533566337185,Physical Therapy Assistant
405,Slovenia,Heaney-Cartwright,Postojna,3535166184626221,Tax Accountant
406,Slovenia,"Medhurst, Ritchie and Hodkiewicz",Bistrica ob Sotli,3573814518330332,Accounting Assistant II
407,Slovenia,"Prohaska, Metz and Huel",Rožna Dolina,5602232245536412,Account Executive
408,Slovenia,Powlowski Group,Polzela,633343553010770214,Senior Quality Engineer
409,Slovenia,Kautzer LLC,Šmartno pri Litiji,3547349759774610,Senior Cost Accountant
410,Slovenia,Wiza-Ferry,Ankaran,4405674406903216,Computer Systems Analyst IV
411,Slovenia,Donnelly-Cormier,Zgornje Pirniče,6771343413320347736,Programmer Analyst II
412,Slovenia,Will Inc,Kamnica,6334273751612638,Legal Assistant
413,Slovenia,"Williamson, Volkman and Johnston",Kamnica,56022334186194949,Accountant III
414,Slovenia,Bruen and Sons,Kisovec,5602255955251062,Computer Systems Analyst IV
415,Slovenia,Hodkiewicz-Gleason,Zgornje Pirniče,6334136573997723937,Programmer III
416,Slovenia,Cassin and Sons,Hrib-Loški Potok,3554185239099164,Automation Specialist II
417,Slovenia,Gaylord Group,Izlake,30298005518117,Administrative Officer
418,Slovenia,Maggio-Lehner,Zgornje Bitnje,5541283698957542,Senior Financial Analyst
419,Slovenia,"Graham, Kerluke and Jaskolski",Kostel,3575887050097012,Administrative Officer
420,Slovenia,MacGyver-Cassin,Celje,4026330390547944,Dental Hygienist
421,Slovenia,Larson and Sons,Mokronog,30010516298406,Speech Pathologist
422,Slovenia,Davis Group,Vuzenica,5602219884717957,Research Assistant II
423,Slovenia,"Koepp, Buckridge and Lesch",Rače,3581917557183379,Payment Adjustment Coordinator
424,Slovenia,Little LLC,Ribnica na Pohorju,370922062778912,Physical Therapy Assistant
425,Slovenia,Gorczany Group,Šentvid pri Stični,6370724329009553,GIS Technical Architect
426,Slovenia,Klein-Nicolas,Mengeš,5602251153384110,Accountant III
427,Slovenia,"Wisoky, Lindgren and Lebsack",Apače,4905729741412240470,Environmental Tech
428,Slovenia,"Lowe, Barton and Dickinson",Žalec,3537367924789240,Safety Technician IV
429,Slovenia,Larkin-Ernser,Mokronog,4870196941484169,Assistant Manager
430,Slovenia,Gottlieb LLC,Rožna Dolina,3545040784547871,Pharmacist
431,Slovenia,"Breitenberg, Stark and Walker",Velenje,5100177043723430,Director of Sales
432,Slovenia,Bernier Inc,Gotovlje,56103424993892157,Sales Representative
433,Slovenia,Lind-McGlynn,Trzin,3562484534837158,Staff Accountant IV
434,Slovenia,Heller-Friesen,Trnovska Vas,5602247618687311,Registered Nurse
435,Slovenia,Hane and Sons,Kobarid,3557838451176980,Accounting Assistant I
436,Slovenia,Orn Inc,Gornji Grad,63044034947722901,Legal Assistant
437,Slovenia,Jacobi-Walker,Piran,670986879302691634,Account Representative IV
438,Slovenia,Zulauf-Kuhlman,Zgornje Bitnje,5010128531482459,Teacher
439,Slovenia,Maggio-Gibson,Lucija,3546842395587611,Software Engineer III
440,Slovenia,"Daniel, Hahn and Wisoky",Radeče,3585093959397045,Human Resources Manager
441,Slovenia,Swaniawski-O'Reilly,Hodoš,30048710273056,Actuary
442,Slovenia,"Gaylord, Morar and Lueilwitz",Verd,201486699018105,Assistant Manager
443,Slovenia,Rosenbaum and Sons,Šenčur,3558501532901938,VP Sales
444,Slovenia,"Turcotte, Effertz and Fisher",Bakovci,5438599361477922,Chief Design Engineer
445,Slovenia,Runolfsson-Kshlerin,Šenčur,3530036140525624,Librarian
446,Slovenia,Nader-Jakubowski,Sv. Ana v Slov. Goricah,5271074127876684,VP Marketing
447,Slovenia,Boyer-Herzog,Ribnica na Pohorju,3575806543789845,Structural Engineer
448,Slovenia,"Weimann, Lemke and Oberbrunner",Kozje,6709627556802131,Physical Therapy Assistant
449,Slovenia,Collins and Sons,Ankaran,564182836418055572,Office Assistant I
450,Slovenia,"Gusikowski, Armstrong and Heller",Zgornje Bitnje,670640045332820381,Recruiter
451,Slovenia,Fahey Group,Piran,5204942526413535,Administrative Officer
452,Slovenia,Stokes-Anderson,Poljčane,4936164321838414,Environmental Specialist
453,Slovenia,Farrell Inc,Črenšovci,201772514616458,Technical Writer
454,Slovenia,Boehm Group,Ravne,3539810939301665,Quality Control Specialist
455,Slovenia,Towne-Schmitt,Černelavci,3563778285566562,Information Systems Manager
456,Slovenia,"Boyer, Brekke and Rice",Laško,5602239584157593,Account Representative IV
457,Slovenia,Keebler LLC,Radeče,3588020175963596,Software Test Engineer II
458,Slovenia,"Bednar, Walker and MacGyver",Radlje ob Dravi,3533302373769215,Editor
459,Slovenia,"Tillman, Stamm and Trantow",Slovenski Javornik,30270130405213,Junior Executive
460,Slovenia,Lockman-Kuphal,Limbuš,4405798149915615,Sales Associate
461,Slovenia,Towne LLC,Solkan,201438377767180,Sales Representative
462,Slovenia,Lesch and Sons,Ankaran,3588565657171373,Compensation Analyst
463,Slovenia,Stroman-Gottlieb,Lendava,3553556220355768,Design Engineer
464,Slovenia,Runolfsson Group,Mokronog,4487656118471682,Accounting Assistant I
465,Slovenia,Homenick Group,Jurovski Dol,5602255484861084,Operator
466,Slovenia,Rodriguez-Raynor,Bistrica ob Sotli,3556249724685511,Payment Adjustment Coordinator
467,Slovenia,Ratke-Herzog,Črenšovci,201634603080717,Executive Secretary
468,Slovenia,Bartell-Schuppe,Radlje ob Dravi,3552688394662256,Media Manager I
469,Slovenia,Mayer Group,Trzin,3546373438877819,Mechanical Systems Engineer
470,Slovenia,Carroll Group,Grosuplje,3581773079063999,Environmental Tech
471,Slovenia,"Kessler, Fahey and Farrell",Hrvatini,3553271209259946,Business Systems Development Analyst
472,Slovenia,Runolfsdottir LLC,Kanal,3559112509582351,Environmental Tech
473,Slovenia,Romaguera and Sons,Dobrovo,56022588368842191,Senior Cost Accountant
474,Slovenia,Luettgen-Bogisich,Notranje Gorice,3559163441576225,VP Marketing
475,Slovenia,"Marks, Kessler and Hickle",Velenje,56022500100102651,Administrative Officer
476,Slovenia,Swift Group,Bistrica ob Sotli,201976026321362,Physical Therapy Assistant
477,Slovenia,"Becker, Leuschke and O'Reilly",Beltinci,3540995327136794,Account Executive
478,Slovenia,Abernathy-Bergnaum,Bovec,5341671571404537,Sales Representative
479,Slovenia,Price Inc,Mengeš,5532835631602492,Sales Representative
480,Slovenia,Fisher-Goyette,Hrastnik,5602257747586389177,Editor
481,Slovenia,"Cruickshank, Schultz and Dickens",Zabukovica,337941058048611,Software Consultant
482,Slovenia,"Boehm, Nitzsche and Jacobs",Šentvid pri Stični,3563791903734124,Community Outreach Specialist
483,Slovenia,Gottlieb-Swift,Železniki,3564247927923671,Marketing Manager
484,Slovenia,Kunze and Sons,Kobarid,374283608403861,Graphic Designer
485,Slovenia,Swift and Sons,Zgornje Gorje,3561654522815496,Executive Secretary
486,Slovenia,Feeney-Reichert,Laško,4911698447557120429,Sales Representative
487,Slovenia,"O'Keefe, Roob and Schuppe",Leskovec pri Krškem,5100175705085809,Automation Specialist I
488,Slovenia,Mosciski-Brown,Zgornje Pirniče,3588311523123995,Structural Analysis Engineer
489,Slovenia,Wehner LLC,Rakek,3541765396222588,Programmer Analyst III
490,Slovenia,"Osinski, Russel and McCullough",Tabor,5592351897771770,Health Coach III
491,Slovenia,Funk Inc,Lucija,5100141263757155,Director of Sales
492,Slovenia,Beatty LLC,Zgornje Jezersko,5377963997973428,Geological Engineer
493,Slovenia,Hoeger Inc,Dobje pri Planini,4936131204212371,Food Chemist
494,Slovenia,Turcotte Inc,Moravče,5048370071928980,Librarian
495,Slovenia,Rutherford-Ratke,Slovenski Javornik,5592776987151535,Systems Administrator IV
496,Slovenia,Schaden Group,Koroška Bela,560221321109080099,Director of Sales
497,Slovenia,Hermann-Blanda,Cerkvenjak,3529628518809458,Occupational Therapist
498,Slovenia,"Mraz, Kozey and Mohr",Vrtojba,3546843100490398,Environmental Specialist
499,Slovenia,"Daugherty, Boyle and Wolf",Zgornje Pirniče,3586353163884066,Account Coordinator
500,Slovenia,Cartwright-Hansen,Postojna,5602252032716860,Budget/Accounting Analyst IV
501,Slovenia,Toy-Powlowski,Juršinci,5547160474873255,Accountant I
502,Slovenia,Kuvalis-Stroman,Postojna,6379649131234928,Paralegal
503,Slovenia,Okuneva LLC,Bilje,3575018495160591,Chemical Engineer
504,Slovenia,Padberg-Satterfield,Ormož,3538271992451866,Paralegal
505,Slovenia,"Kreiger, Carroll and Shanahan",Kranjska Gora,5602255553410664,Help Desk Operator
506,Slovenia,Baumbach-Gulgowski,Štore,3574911476309933,Software Consultant
507,Slovenia,Mills-Dibbert,Hrušica,5602226362146047,Environmental Tech
508,Slovenia,Hodkiewicz-Thompson,Nazarje,3570541761700258,Payment Adjustment Coordinator
509,Slovenia,Schmeler-Streich,Zgornje Bitnje,3587448126393483,Technical Writer
510,Slovenia,"Heller, Rohan and Labadie",Bistrica ob Sotli,3546974682240305,Quality Control Specialist
511,Slovenia,Feeney-Stroman,Sv. Ana v Slov. Goricah,30294187137776,Assistant Media Planner
512,Slovenia,Cruickshank-Ruecker,Bilje,3562531174563252,Financial Advisor
513,Slovenia,"Schmidt, Schinner and Nader",Kočevje,3565207718267430,Junior Executive
514,Slovenia,"Block, Jacobs and Monahan",Hodoš,3571462001980874,Marketing Assistant
515,Slovenia,D'Amore Group,Bistrica ob Sotli,6389039893131884,Programmer Analyst I
516,Slovenia,"Weimann, Davis and Dicki",Slovenj Gradec,6759565269418796,Structural Engineer
517,Slovenia,Medhurst-Robel,Log pri Brezovici,670605889590606955,Geological Engineer
518,Slovenia,Crist LLC,Pesnica pri Mariboru,3578777355480848,Senior Developer
519,Slovenia,"Cole, Nader and Grady",Cerkvenjak,5253620223130111,Sales Representative
520,Slovenia,"Botsford, Wisoky and Breitenberg",Lovrenc na Pohorju,3577056386933401,Desktop Support Technician
521,Slovenia,Shields-Altenwerth,Ankaran,4905173317656522138,Research Assistant IV
522,Slovenia,Hodkiewicz-Fritsch,Lendava,4405515367968625,Help Desk Operator
523,Slovenia,Rowe and Sons,Kočevje,3567396875772478,Design Engineer
524,Slovenia,Stracke-Dooley,Tržič,6759733233420245,Sales Associate
525,Slovenia,Predovic-Collins,Jurovski Dol,30504126451306,VP Product Management
526,Slovenia,"Quitzon, Torp and Nikolaus",Pameče,3571315780706599,Food Chemist
527,Slovenia,"Jaskolski, Stiedemann and Brakus",Tišina,4844188401761841,Staff Accountant I
528,Slovenia,Schultz Group,Lukovica pri Domžalah,3570248172705971,Research Nurse
529,Slovenia,Kiehn Inc,Osilnica,5335013430761716,Graphic Designer
530,Slovenia,Douglas-Harber,Moste,5426137408247901,Editor
531,Slovenia,Koelpin LLC,Črenšovci,5181224306931714,Speech Pathologist
532,Slovenia,Howe-VonRueden,Žirovnica,3588255635889896,Information Systems Manager
533,Slovenia,Bartell and Sons,Kanal,677135531473032768,Actuary
534,Slovenia,"Hayes, Champlin and Pacocha",Škofljica,3564249069982523,Director of Sales
535,Slovenia,Stracke LLC,Slovenski Javornik,201804267384123,Senior Developer
536,Slovenia,"O'Conner, Hintz and Volkman",Leskovec pri Krškem,201809981556542,VP Sales
537,Slovenia,Casper and Sons,Žirovnica,5048375979018891,Recruiting Manager
538,Slovenia,O'Reilly-Schamberger,Trnovska Vas,201999356272302,Engineer I
539,Slovenia,"Kilback, Hagenes and Robel",Zgornje Bitnje,4913830019829892,VP Quality Control
540,Slovenia,"Schumm, Bogisich and Feil",Šentjur,5610052782482741,Civil Engineer
541,Slovenia,Stiedemann Inc,Pesnica pri Mariboru,5602246544382906,Teacher
542,Slovenia,Eichmann LLC,Kanal,201745408406251,Professor
543,Slovenia,Murazik and Sons,Kisovec,3564339946304262,Automation Specialist III
544,Slovenia,"Botsford, Hirthe and Heathcote",Sv. Anton,5108756272237618,Social Worker
545,Slovenia,Bashirian-Lueilwitz,Zasip,3567415658814297,Account Coordinator
546,Slovenia,Torp Inc,Radeče,670668277473156716,Nuclear Power Engineer
547,Slovenia,"Rutherford, Weissnat and Heathcote",Lenart v Slov. Goricah,5641828482979158,Speech Pathologist
548,Slovenia,Kemmer-Swift,Pameče,676777810373486943,Junior Executive
549,Slovenia,"O'Hara, Schowalter and Wiegand",Zgornje Bitnje,3572362881013904,VP Marketing
550,Slovenia,"Emmerich, Anderson and Kohler",Nazarje,6333111974854580,Biostatistician IV
551,Slovenia,"Keebler, Reichel and Sauer",Trnovlje pri Celju,3580281177637053,Senior Financial Analyst
552,Slovenia,"Terry, Prosacco and Lakin",Moravče,5893133734041328,Senior Financial Analyst
553,Slovenia,Hessel Group,Zgornje Bitnje,630440079809502145,Analyst Programmer
554,Slovenia,Dickens-Schuster,Ankaran,5602247646869669524,VP Sales
555,Slovenia,Wisozk-Pollich,Slovenj Gradec,3576918450444147,Developer III
556,Slovenia,Rippin-Stokes,Leskovec pri Krškem,5100130163717369,Financial Analyst
557,Slovenia,"Franecki, Padberg and Torphy",Radeče,4905928008610305,Associate Professor
558,Slovenia,West LLC,Pesnica pri Mariboru,201711936424877,Associate Professor
559,Slovenia,Brown-Schaden,Černelavci,6761014810856613036,Physical Therapy Assistant
560,Slovenia,Johnson and Sons,Slovenj Gradec,30314334298956,Executive Secretary
561,Slovenia,Pacocha-Weber,Lukovica pri Domžalah,5602214864683481542,VP Product Management
562,Slovenia,Corkery-Nolan,Slovenj Gradec,5602238472516973586,Mechanical Systems Engineer
563,Slovenia,"Reichert, Skiles and Lubowitz",Pameče,3540450514206638,Software Test Engineer IV
564,Slovenia,Windler-Kris,Dobrovo,3555704928173681,Programmer Analyst III
565,Slovenia,Crist Inc,Divača,30123327840090,Quality Control Specialist
566,Slovenia,Conroy and Sons,Puconci,3535255532589320,Biostatistician III
567,Slovenia,Lesch-Sawayn,Šalovci,201523381270600,Biostatistician I
568,Slovenia,Willms-Tromp,Limbuš,3578263027406941,Librarian
569,Slovenia,Moen LLC,Bilje,3563417343992508,Recruiting Manager
570,Slovenia,"Fisher, Carroll and Torp",Šentvid pri Stični,3571371302352883,Analyst Programmer
571,Slovenia,Jast LLC,Deskle,337941863012349,Analog Circuit Design manager
572,Slovenia,"Hayes, Bartell and Collins",Rakek,3547942895186283,Engineer I
573,Slovenia,Bailey-Cormier,Šenčur,5505177868940896,Junior Executive
574,Slovenia,"Hyatt, Kuhn and Willms",Vitanje,3539068684675961,Registered Nurse
575,Slovenia,"Shields, Pfeffer and Leannon",Vir,63046619046249216,Developer III
576,Slovenia,Parisian Inc,Ormož,201834666026892,Web Developer II
577,Slovenia,"Cummings, Ankunding and Schumm",Škofljica,3558417135823132,Computer Systems Analyst I
578,Slovenia,Bartoletti-Raynor,Beltinci,5602211531899197,Tax Accountant
579,Slovenia,Donnelly-Moen,Trnovlje pri Celju,3577603873501397,Biostatistician II
580,Slovenia,"Mohr, Johns and Jast",Hrušica,3586791897875613,Operator
581,Slovenia,Runolfsdottir-Hayes,Škofljica,6393435851288266,Programmer I
582,Slovenia,"Sauer, Cummerata and Maggio",Zabukovica,6392952520064051,Nurse
583,Slovenia,"Lind, Hahn and Bashirian",Tišina,3554718850829228,Programmer Analyst I
584,Slovenia,"Funk, Sipes and Batz",Gornji Petrovci,5100138688478714,Analyst Programmer
585,Slovenia,"Towne, Pfeffer and Cormier",Poljčane,3570717403660759,Assistant Media Planner
586,Slovenia,Reichert Inc,Šalovci,5100146279645641,Actuary
587,Slovenia,Pfannerstill-Wisoky,Dobrovo,5330639630573553,Structural Engineer
588,Slovenia,Keeling-Schmitt,Bistrica ob Sotli,30483378546271,Computer Systems Analyst IV
589,Slovenia,"DuBuque, Trantow and VonRueden",Destrnik,30519707987437,Speech Pathologist
590,Slovenia,Hackett-Yundt,Preserje pri Radomljah,30002989443858,Design Engineer
591,Slovenia,Turcotte LLC,Kanal,4508103599983427,Statistician IV
592,Slovenia,Kuphal LLC,Kobilje,3574245354473093,Office Assistant I
593,Slovenia,"Moen, Doyle and Schumm",Morje,36118237686736,Actuary
594,Slovenia,Kozey Group,Kamnica,060438098331414979,Director of Sales
595,Slovenia,Kling-Hackett,Destrnik,5251448344682030,Quality Control Specialist
596,Slovenia,Christiansen-Konopelski,Portorož,3534064278582551,Health Coach II
597,Slovenia,"Swaniawski, Blick and Franecki",Radlje ob Dravi,5602242570883776617,VP Sales
598,Slovenia,Roberts and Sons,Šentjur,3563186283376184,Senior Editor
599,Slovenia,Ward-Hane,Žirovnica,30575896776247,Director of Sales
600,Slovenia,"Gusikowski, Hauck and Cummerata",Preserje pri Radomljah,3544726498602033,Desktop Support Technician
601,Slovenia,Dicki Group,Lovrenc na Pohorju,670653753862344375,Assistant Manager
602,Slovenia,Koss and Sons,Divača,346931843947077,Assistant Media Planner
603,Slovenia,"Purdy, Kulas and Christiansen",Kamnica,560224285437596109,Social Worker
604,Slovenia,Cormier-Collins,Tržič,4041375603477232,VP Product Management
605,Slovenia,Howe-Murphy,Šalovci,5602253211504002,Account Coordinator
606,Slovenia,"Upton, Becker and Ernser",Šentjur,3552084534263397,Programmer Analyst II
607,Slovenia,Kulas Group,Zgornje Gorje,3564486695623044,Teacher
608,Slovenia,Altenwerth-Fay,Senovo,374288410808728,Computer Systems Analyst IV
609,Slovenia,Lehner Group,Ankaran,201496335180490,Account Executive
610,Slovenia,Larson LLC,Šentrupert,3562848815299751,Speech Pathologist
611,Slovenia,Hermiston-Cummerata,Notranje Gorice,5038338998649304,Environmental Specialist
612,Slovenia,Hand-Batz,Zavrč,3531162611852088,Analyst Programmer
613,Slovenia,Abernathy-Little,Log pri Brezovici,6759518810780321339,VP Product Management
614,Slovenia,"Gorczany, Kihn and Marquardt",Velenje,56022408881650486,Senior Financial Analyst
615,Slovenia,Hessel Group,Poljčane,3563441707948948,Senior Quality Engineer
616,Slovenia,Bailey and Sons,Trbovlje,5545155490667527,Web Designer II
617,Slovenia,Shanahan LLC,Komenda,5020108666100379959,Marketing Assistant
618,Slovenia,Reinger-Miller,Vitanje,5477916593742570,VP Quality Control
619,Slovenia,Torp Group,Senovo,3561835537061305,VP Accounting
620,Slovenia,"Boyer, Hilpert and Kuphal",Sv. Anton,3543036200104661,Physical Therapy Assistant
621,Slovenia,Schmitt Group,Vuzenica,6763498250805322,VP Product Management
622,Slovenia,Swaniawski-Schamberger,Tabor,3585423086462836,Developer I
623,Slovenia,Bednar-Wolff,Sv. Anton,5602240692699708,Structural Analysis Engineer
624,Slovenia,Wisoky-Ernser,Razvanje,5493585098870374,Safety Technician II
625,Slovenia,"Barton, Wintheiser and Jacobs",Dornava,5108757827407458,GIS Technical Architect
626,Slovenia,Mann Group,Hrušica,3579295280480667,Programmer III
627,Slovenia,Schulist-Nienow,Vitomarci,3582461195666999,Marketing Manager
628,Slovenia,Yundt-Beier,Osilnica,4017957995715,Cost Accountant
629,Slovenia,Nitzsche and Sons,Trnovlje pri Celju,3579888965299848,Registered Nurse
630,Slovenia,Brown LLC,Sv. Anton,5602257070601403,Geological Engineer
631,Slovenia,Funk-Beatty,Rogoza,3566482483498697,Librarian
632,Slovenia,Nader LLC,Izlake,3583565820690882,Computer Systems Analyst II
633,Slovenia,Upton Group,Šalovci,30361519182976,Recruiting Manager
634,Slovenia,"Smitham, Blick and Hauck",Kostel,4041599716816636,Community Outreach Specialist
635,Slovenia,Kris-Lemke,Kranjska Gora,4905028811604021224,Marketing Assistant
636,Slovenia,"Aufderhar, Mosciski and Raynor",Šentilj v Slov. Goricah,374622339022641,Geologist II
637,Slovenia,Bechtelar-Schmidt,Rače,6334154858962110,Database Administrator II
638,Slovenia,Lebsack-Langworth,Portorož,201716123990556,Payment Adjustment Coordinator
639,Slovenia,Wolff-Hartmann,Notranje Gorice,3584540197161816,Junior Executive
640,Slovenia,Mann-Quigley,Šentjur,3548721559081108,Accounting Assistant III
641,Slovenia,Wilkinson Inc,Luče,6334319479192515111,Software Engineer III
642,Slovenia,Schmitt-Wyman,Sv. Trojica v Slov. Goricah,491135166856583339,Financial Analyst
643,Slovenia,"Stroman, Breitenberg and Romaguera",Cerkvenjak,346120088228241,Mechanical Systems Engineer
644,Slovenia,Miller-Hilll,Trnovska Vas,5376846396697444,Automation Specialist II
645,Slovenia,Hickle-Shields,Legen,3563934561848600,Developer III
646,Slovenia,"Feil, Hilll and Hansen",Gornji Grad,6334823882087033,Sales Associate
647,Slovenia,Mueller-Hudson,Razvanje,3533739138494318,Geologist I
648,Slovenia,"O'Kon, Dooley and Kiehn",Koroška Bela,670983255822065356,Financial Advisor
649,Slovenia,Lynch Inc,Moste,3582471294965846,Account Coordinator
650,Slovenia,"Bergnaum, Gaylord and Schroeder",Lovrenc na Pohorju,3580766262301300,Food Chemist
651,Slovenia,"Mayert, Wilderman and Becker",Dragomer,3578840942101853,Junior Executive
652,Slovenia,Raynor Group,Tržič,3548807387441695,Automation Specialist IV
653,Slovenia,"Cruickshank, Sawayn and Heller",Celje,201596095492322,Programmer Analyst II
654,Slovenia,"Schoen, Franecki and Purdy",Kobarid,4017950054205,Product Engineer
655,Slovenia,"McKenzie, Kulas and Olson",Idrija,3547101164396467,Legal Assistant
656,Slovenia,Ferry Inc,Divača,3577577559787639,Programmer II
657,Slovenia,"Legros, Sawayn and Harvey",Puconci,5323177937037336,Human Resources Assistant II
658,Slovenia,"Rath, Green and Lakin",Dob,6376019290249237,Senior Cost Accountant
659,Slovenia,Davis-VonRueden,Jurovski Dol,3561748583247936,Structural Analysis Engineer
660,Slovenia,Flatley-Morissette,Moste,3534644106090230,Professor
661,Slovenia,VonRueden Inc,Lavrica,379045406245785,Programmer III
662,Slovenia,Boyer Group,Cerklje na Gorenjskem,5100132299084540,Teacher
663,Slovenia,Larson Group,Slovenska Bistrica,3535091482869796,Project Manager
664,Slovenia,"Krajcik, Kulas and Spencer",Kranjska Gora,670606362528246871,Human Resources Assistant II
665,Slovenia,Schowalter-Friesen,Preserje pri Radomljah,3542319696156465,Engineer IV
666,Slovenia,Dooley-Nienow,Šentilj v Slov. Goricah,589322653686416131,Database Administrator I
667,Slovenia,"Wiegand, Dietrich and Bailey",Luče,3573337325682406,Account Executive
668,Slovenia,Hermann LLC,Limbuš,4905235881424949,Programmer III
669,Slovenia,Little-Barrows,Trnovska Vas,3573239677409448,Accounting Assistant III
670,Slovenia,Funk and Sons,Cankova,30047138116707,Sales Representative
671,Slovenia,McGlynn Inc,Hrvatini,3548214470605718,Research Assistant I
672,Slovenia,Russel-Hane,Lendava,4017955202957,VP Quality Control
673,Slovenia,Beier-Predovic,Lenart v Slov. Goricah,4043885546916532,Recruiter
674,Slovenia,Gusikowski and Sons,Kobarid,3559179002101690,Accountant I
675,Slovenia,Lowe-Sporer,Šentilj v Slov. Goricah,337941302026421,Librarian
676,Slovenia,Bruen Group,Radeče,3564740249713606,Environmental Specialist
677,Slovenia,Kulas-Kunde,Pesnica pri Mariboru,5559706024336584,Research Associate
678,Slovenia,"Boyle, Streich and Mayer",Kočevje,3559645614936988,Professor
679,Slovenia,Howe Group,Ankaran,3561036565606422,Payment Adjustment Coordinator
680,Slovenia,"Altenwerth, Dare and Donnelly",Log pri Brezovici,5311192926047265,Project Manager
681,Slovenia,Walker Inc,Verd,6334827897566044696,Computer Systems Analyst III
682,Slovenia,"Krajcik, Cruickshank and Ebert",Hrastnik,5108756015211797,Developer I
683,Slovenia,Greenholt-King,Slovenj Gradec,30103098013747,Senior Editor
684,Slovenia,Swaniawski LLC,Ribnica na Pohorju,4041597725629248,Staff Accountant II
685,Slovenia,McLaughlin-Hoppe,Trzin,201515126815517,Accounting Assistant IV
686,Slovenia,"Tillman, Bruen and Goyette",Škofljica,501818013741563557,Engineer II
687,Slovenia,"Wisoky, Bechtelar and Borer",Hrastnik,337941179851638,Budget/Accounting Analyst II
688,Slovenia,"Marks, Weber and Ryan",Šenčur,36624194425547,Technical Writer
689,Slovenia,Aufderhar and Sons,Zgornje Jezersko,5274760693973007,Director of Sales
690,Slovenia,Braun-Leuschke,Spodnja Hajdina,3543266884277752,Administrative Assistant III
691,Slovenia,Terry and Sons,Rožna Dolina,3559800147141966,Pharmacist
692,Slovenia,"Lakin, Luettgen and Volkman",Dragomer,3561887167880850,Graphic Designer
693,Slovenia,Howe-Lind,Lovrenc na Pohorju,201885135261551,Product Engineer
694,Slovenia,Davis-Cole,Lucija,3569726232506839,Cost Accountant
695,Slovenia,Jast-Christiansen,Zasip,3571413495410753,Financial Analyst
696,Slovenia,Beer and Sons,Bistrica ob Sotli,374288873822232,Help Desk Operator
697,Slovenia,"Dibbert, Jacobi and Mann",Lucija,5100141777392804,Research Associate
698,Slovenia,Brown and Sons,Šmarje pri Jelšah,3563087936583210,Operator
699,Slovenia,Cremin LLC,Šentvid pri Stični,30304201072360,Assistant Manager
700,Slovenia,Quigley-Lockman,Bistrica ob Sotli,3548497262777932,Nuclear Power Engineer
701,Slovenia,Effertz LLC,Šoštanj,3551072666878687,Environmental Tech
702,Slovenia,Block Group,Solčava,5602252299334209,Environmental Specialist
703,Slovenia,Crooks-Kihn,Zgornje Jezersko,5100178671211292,Programmer I
704,Slovenia,Bradtke-Friesen,Rožna Dolina,6709875665187098,Mechanical Systems Engineer
705,Slovenia,Schaefer-Bogan,Ravne na Koroškem,3555478202179058,Web Designer II
706,Slovenia,Parisian-Wilkinson,Slovenski Javornik,5602226986040527,Recruiting Manager
707,Slovenia,Stanton-Kessler,Zavrč,201738125641649,Human Resources Assistant I
708,Slovenia,Lang-Murazik,Cankova,3588055081911511,Analyst Programmer
709,Slovenia,Mohr and Sons,Nazarje,3539058858984182,Desktop Support Technician
710,Slovenia,Sanford Inc,Sv. Ana v Slov. Goricah,5602226602035836,Operator
711,Slovenia,Hahn LLC,Vitomarci,4913847408254326,Marketing Manager
712,Slovenia,Ruecker Inc,Mengeš,3530180283248295,Senior Sales Associate
713,Slovenia,Schimmel-Bruen,Solkan,5893504504483762790,Senior Financial Analyst
714,Slovenia,Kirlin-Champlin,Beltinci,372301847454479,GIS Technical Architect
715,Slovenia,Towne-Reilly,Trzin,6383642863675990,VP Product Management
716,Slovenia,Will and Sons,Kobarid,4936357844333905736,Sales Associate
717,Slovenia,Mills Group,Zgornje Jezersko,63048240584687390,Research Associate
718,Slovenia,Moen and Sons,Rakičan,3554884970289220,Help Desk Operator
719,Slovenia,Paucek-Tromp,Lucija,372301432473678,Structural Analysis Engineer
720,Slovenia,Mayer and Sons,Kobilje,4017957993237704,Chemical Engineer
721,Slovenia,"Marks, Reynolds and Beer",Jurovski Dol,3529016850318165,General Manager
722,Slovenia,Kuvalis and Sons,Cerklje na Gorenjskem,3565096834459074,Sales Representative
723,Slovenia,Harvey LLC,Kostel,30217965046182,Desktop Support Technician
724,Slovenia,"Hansen, Swaniawski and Kutch",Dobrovo,3563269817587763,Payment Adjustment Coordinator
725,Slovenia,Hermiston-Stamm,Kozje,3554137114088770,Research Assistant IV
726,Slovenia,Weber-Schneider,Osilnica,3583204563939591,Speech Pathologist
727,Slovenia,"Johns, Altenwerth and Jacobson",Cerkvenjak,3564417969397411,Assistant Manager
728,Slovenia,Feeney and Sons,Šmartno pri Litiji,374622765633523,Mechanical Systems Engineer
729,Slovenia,Anderson LLC,Mengeš,4508649426050103,Human Resources Manager
730,Slovenia,"Sawayn, Kohler and Runolfsson",Deskle,5602239012025784,Nuclear Power Engineer
731,Slovenia,Raynor-Quitzon,Zavrč,3579614946941187,VP Marketing
732,Slovenia,Balistreri Group,Lenart v Slov. Goricah,3528416737016399,Account Representative III
733,Slovenia,"Hirthe, Funk and Orn",Cerklje na Gorenjskem,5602221733791449,General Manager
734,Slovenia,Klein LLC,Bilje,4026832941642835,Desktop Support Technician
735,Slovenia,"Mann, Carter and Gutkowski",Žalec,5108756964389750,Recruiting Manager
736,Slovenia,Fadel Group,Kranj,5602258551710284927,Environmental Specialist
737,Slovenia,Fritsch Group,Trzin,5494903801651990,Environmental Specialist
738,Slovenia,"Lebsack, Kuhn and Nader",Polzela,374288256131482,Physical Therapy Assistant
739,Slovenia,Kautzer-Stark,Železniki,6395092109543675,Biostatistician IV
740,Slovenia,Auer-McDermott,Leskovec pri Krškem,5602259641739076,Director of Sales
741,Slovenia,"Mueller, Kovacek and Stroman",Zgornje Bitnje,3578665342346174,Geological Engineer
742,Slovenia,Nienow Inc,Hrvatini,67621472178168307,Executive Secretary
743,Slovenia,Berge Inc,Juršinci,30231216262308,Administrative Assistant III
744,Slovenia,Grimes-Kerluke,Preserje pri Radomljah,3548715404556686,Environmental Tech
745,Slovenia,Schoen and Sons,Morje,5602222386866371,Account Executive
746,Slovenia,"Wisoky, Nolan and Huels",Rakek,5494041000402533,Account Coordinator
747,Slovenia,Homenick-D'Amore,Zabukovica,5602229711843934,Director of Sales
748,Slovenia,Brakus-Strosin,Vitanje,6370759335648176,Safety Technician I
749,Slovenia,Tromp Inc,Bakovci,3551178491706017,Actuary
750,Slovenia,"Kulas, Douglas and McKenzie",Moravče,5602233002066064,Paralegal
751,Slovenia,Schneider-Schoen,Metlika,5048371211113723,Staff Accountant III
752,Slovenia,"Cole, Balistreri and Blick",Zgornje Jezersko,6304049431267773026,Executive Secretary
753,Slovenia,"Gutmann, Metz and Bartoletti",Ljubno ob Savinji,374622494262289,Associate Professor
754,Slovenia,Rogahn Group,Celje,3574382014725677,Operator
755,Slovenia,"Cormier, Bins and McDermott",Mozirje,5100130389067599,Computer Systems Analyst III
756,Slovenia,"Veum, Harvey and Mann",Solkan,4913928438327637,Structural Engineer
757,Slovenia,"Reichert, Carter and Russel",Gornji Petrovci,5537320984513252,Legal Assistant
758,Slovenia,Tromp-Bahringer,Zgornje Bitnje,3589756641695531,Software Test Engineer I
759,Slovenia,Hilll and Sons,Šentjur,201493978966749,Programmer III
760,Slovenia,Leannon-Hills,Zgornje Pirniče,3585857249254962,GIS Technical Architect
761,Slovenia,Bednar-Zulauf,Zgornje Jezersko,30215387962572,GIS Technical Architect
762,Slovenia,"Ankunding, Jakubowski and Champlin",Puconci,3530769210037506,Technical Writer
763,Slovenia,Bosco-Fadel,Koper,3558718655575022,Payment Adjustment Coordinator
764,Slovenia,Harber-Feil,Bistrica pri Tržiču,5100174783912802,Geological Engineer
765,Slovenia,Jenkins and Sons,Dragomer,3570237935678245,Information Systems Manager
766,Slovenia,Collier Group,Izlake,3567476102578383,VP Sales
767,Slovenia,Kirlin-Goyette,Pesnica pri Mariboru,5893495223023640,Senior Editor
768,Slovenia,Herzog-Herman,Cerklje na Gorenjskem,4508878846507257,Cost Accountant
769,Slovenia,"Gottlieb, Keeling and Schmeler",Deskle,30345330537583,Chemical Engineer
770,Slovenia,Gottlieb Inc,Grosuplje,201618033012929,Senior Editor
771,Slovenia,McGlynn and Sons,Log pri Brezovici,374283098914047,Research Assistant I
772,Slovenia,Cole-Zboncak,Rakek,3549348168647340,Assistant Professor
773,Slovenia,Stiedemann-Kuhn,Ravne na Koroškem,4175009189254560,Computer Systems Analyst III
774,Slovenia,"Quigley, Halvorson and Breitenberg",Rožna Dolina,3540488069947032,Account Representative II
775,Slovenia,"Kirlin, Baumbach and Flatley",Mokronog,5305537919915530,Nuclear Power Engineer
776,Slovenia,Haley-Zieme,Beltinci,4844285068427219,Administrative Officer
777,Slovenia,Crooks LLC,Dob,676392508229402339,Office Assistant IV
778,Slovenia,Weber and Sons,Vrtojba,3567446498145204,Research Nurse
779,Slovenia,Bosco and Sons,Kamnica,3574889846748073,Research Assistant I
780,Slovenia,Langworth Inc,Rakek,633339053608090923,Legal Assistant
781,Slovenia,"Orn, Gutmann and Hand",Bistrica pri Tržiču,4905573089448785,Media Manager I
782,Slovenia,Prosacco Inc,Beltinci,3532668984195912,Analyst Programmer
783,Slovenia,Hahn and Sons,Celje,5610641299094096,Account Representative I
784,Slovenia,Wolf-Schmitt,Zasip,201638567329838,Database Administrator III
785,Slovenia,Raynor Inc,Štore,3569100000291380,Director of Sales
786,Slovenia,Hettinger and Sons,Kozje,3552726319760696,Desktop Support Technician
787,Slovenia,"Nikolaus, Bechtelar and Bode",Idrija,5299209000227278,VP Sales
788,Slovenia,Champlin Group,Osilnica,3571935348931726,Database Administrator II
789,Slovenia,Schulist-Hilll,Hrib-Loški Potok,30542833945723,Clinical Specialist
790,Slovenia,Bode-Hahn,Trnovska Vas,3557060295996719,Project Manager
791,Slovenia,Ankunding-Nienow,Hodoš,3551079280736928,Media Manager IV
792,Slovenia,Hirthe-Ebert,Legen,3543559485145158,Sales Representative
793,Slovenia,Mraz LLC,Kranj,6304476631938794,Nurse Practicioner
794,Slovenia,Bode-Bernier,Destrnik,4917323329247522,Actuary
795,Slovenia,Huels-Farrell,Preserje pri Radomljah,3544937450990700,Electrical Engineer
796,Slovenia,"Wisozk, Rath and Von",Zavrč,3551432909790141,Computer Systems Analyst I
797,Slovenia,Dicki and Sons,Pesnica pri Mariboru,677117171235693441,Senior Cost Accountant
798,Slovenia,"Collier, Dickinson and Turcotte",Kozje,3569879781215896,Geological Engineer
799,Slovenia,Gutmann-West,Preserje pri Radomljah,4508277771953315,Media Manager I
800,Slovenia,Harris Inc,Mlaka pri Kranju,5602214557399274,Marketing Manager
801,Slovenia,Bradtke-Braun,Vir,5048376495542935,Chief Design Engineer
802,Slovenia,Gulgowski Inc,Ankaran,4844187700862581,Account Executive
803,Slovenia,Murazik and Sons,Dobje pri Planini,30326278093623,Engineer I
804,Slovenia,Wisoky Group,Kranj,3583549399048326,Environmental Tech
805,Slovenia,"Kertzmann, Gerhold and Zulauf",Kidričevo,3533102156021036,Civil Engineer
806,Slovenia,Bosco-Hilpert,Lendava,3543380802266662,Community Outreach Specialist
807,Slovenia,Krajcik-Quigley,Gornji Grad,5010129589102957,Senior Sales Associate
808,Slovenia,"Smitham, Lebsack and Rau",Idrija,5602258168691684569,Human Resources Manager
809,Slovenia,"Cummerata, Moore and Torphy",Ormož,5602257158502002,Marketing Manager
810,Slovenia,Huel Inc,Zasip,3589051878539135,Recruiter
811,Slovenia,Larkin and Sons,Kidričevo,3545159797695368,Systems Administrator IV
812,Slovenia,Kirlin and Sons,Rače,3552060047677075,Nurse Practicioner
813,Slovenia,Pouros-Nader,Solkan,337941115556002,Database Administrator I
814,Slovenia,Hintz-Kertzmann,Cerkvenjak,3569328811959420,Account Coordinator
815,Slovenia,Brekke-Haley,Senovo,6761771811189234758,Software Test Engineer IV
816,Slovenia,"Dooley, McClure and Becker",Trnovska Vas,374283459667556,Computer Systems Analyst III
817,Slovenia,Purdy and Sons,Kobarid,5504180168988939,Senior Sales Associate
818,Slovenia,Stoltenberg LLC,Osilnica,0604521398151592133,Account Executive
819,Slovenia,"Leuschke, Hodkiewicz and Moen",Trbovlje,5018639288275449707,VP Sales
820,Slovenia,Cronin-Fritsch,Hrušica,5532124904932351,Sales Associate
821,Slovenia,Bode LLC,Dragomer,3586176014794097,Marketing Manager
822,Slovenia,Macejkovic-Kihn,Ljubno ob Savinji,3540281883581883,Web Designer II
823,Slovenia,"Stiedemann, Padberg and Lebsack",Notranje Gorice,676370749612927781,Engineer II
824,Slovenia,Smitham Inc,Črenšovci,3563043055854130,Programmer III
825,Slovenia,"Bahringer, Lynch and Larkin",Šentilj v Slov. Goricah,30117971617820,Senior Quality Engineer
826,Slovenia,Kub-Zemlak,Moste,201759300267257,Clinical Specialist
827,Slovenia,"Lubowitz, Zboncak and Conn",Preserje pri Radomljah,3586732103217349,Automation Specialist IV
828,Slovenia,"Schamberger, Rice and Bernier",Lucija,5100132073550229,Budget/Accounting Analyst II
829,Slovenia,Runolfsdottir-Kreiger,Kranj,564182776933616294,Internal Auditor
830,Slovenia,Fadel Inc,Šmartno pri Litiji,3574970749685131,Community Outreach Specialist
831,Slovenia,Balistreri LLC,Piran,3531410628293816,Product Engineer
832,Slovenia,"Emard, Pfeffer and Hand",Dobrovo,3537035638720245,Food Chemist
833,Slovenia,Schowalter-Willms,Cerkvenjak,5602224522569952956,Professor
834,Slovenia,"Trantow, Hoppe and Quigley",Šentrupert,5602223251246749,Librarian
835,Slovenia,Rempel-Parker,Zavrč,560222591822531094,Senior Sales Associate
836,Slovenia,"Hudson, Bednar and Hodkiewicz",Šmarje pri Jelšah,3563659214661858,Business Systems Development Analyst
837,Slovenia,Quigley and Sons,Lavrica,50182793950426960,Assistant Media Planner
838,Slovenia,"Greenholt, Rau and Klocko",Šentvid pri Stični,3578625320254154,Senior Financial Analyst
839,Slovenia,"Beatty, Stoltenberg and Dicki",Dornava,3553765706899880,VP Quality Control
840,Slovenia,Reichert and Sons,Škofljica,3589717951724113,Senior Financial Analyst
841,Slovenia,Quigley and Sons,Divača,30214825635999,Geologist III
842,Slovenia,Stiedemann-Collier,Juršinci,3573971662864407,Programmer III
843,Slovenia,Shanahan-Howell,Solčava,4175005826427536,Administrative Officer
844,Slovenia,"Price, Ankunding and Kuhn",Turnišče,3582839551399034,Tax Accountant
845,Slovenia,"Marvin, Kutch and Sporer",Dobrovo,3563470576502288,Environmental Specialist
846,Slovenia,"Dietrich, Wilkinson and O'Kon",Ruše,201442676264295,Office Assistant IV
847,Slovenia,Rice-Mertz,Kranjska Gora,3589244189716787,Database Administrator IV
848,Slovenia,Walker-Hamill,Černelavci,677159202518385113,Assistant Media Planner
849,Slovenia,Mueller-Russel,Celje,3584388943242278,VP Product Management
850,Slovenia,"Dibbert, Walker and Quigley",Zgornje Bitnje,5355468719639436,Account Executive
851,Slovenia,Leannon-Turcotte,Šentilj v Slov. Goricah,4905913759828223,Community Outreach Specialist
852,Slovenia,"Hettinger, Kilback and Yost",Kobilje,3588487780232685,Senior Financial Analyst
853,Slovenia,Kertzmann-Hessel,Černelavci,3574024463640599,Information Systems Manager
854,Slovenia,"Collier, Sanford and Kihn",Lucija,3588864653634124,Speech Pathologist
855,Slovenia,Little-Grady,Leskovec pri Krškem,4917116339342352,Biostatistician I
856,Slovenia,Grady-Batz,Rakek,6771148488829650142,Programmer Analyst II
857,Slovenia,Predovic Group,Bistrica ob Sotli,4508106433160326,Help Desk Technician
858,Slovenia,Stamm and Sons,Hodoš,3564208431599969,Graphic Designer
859,Slovenia,Rippin-Schoen,Moste,3533613315046219,Design Engineer
860,Slovenia,Reichel-Haag,Ravne na Koroškem,4026063824848097,Structural Engineer
861,Slovenia,"Sipes, Balistreri and Schoen",Osilnica,3557850888340782,Actuary
862,Slovenia,"McDermott, Wilderman and Rippin",Legen,3528735559874001,Executive Secretary
863,Slovenia,Kerluke Group,Rožna Dolina,4041594697716,Budget/Accounting Analyst IV
864,Slovenia,Rippin-Wiza,Šmartno pri Litiji,3560069561155863,General Manager
865,Slovenia,"Cole, Beahan and Reilly",Šoštanj,5268123556668800,Account Executive
866,Slovenia,Lemke Group,Turnišče,3545525407560061,VP Sales
867,Slovenia,"Haag, Carroll and Wiegand",Šenčur,3573170952841544,Staff Accountant IV
868,Slovenia,Ferry Group,Bilje,56022148435299238,Research Nurse
869,Slovenia,"Huel, Runte and Gerlach",Slovenska Bistrica,5602214118745999,Analog Circuit Design manager
870,Slovenia,Williamson and Sons,Videm pri Ptuju,5457041898045787,Nurse
871,Slovenia,"Kuhic, Douglas and Skiles",Šentvid pri Stični,6333076234504464754,Project Manager
872,Slovenia,Franecki-Gulgowski,Laško,5602217123831308,Graphic Designer
873,Slovenia,Grady Group,Železniki,3544234090623531,Help Desk Technician
874,Slovenia,Langosh Group,Poljčane,3577007220857918,Physical Therapy Assistant
875,Slovenia,Aufderhar-Schmeler,Dobje pri Planini,5450478945625798,Nurse Practicioner
876,Slovenia,Towne-Farrell,Radeče,5007669596522783,Help Desk Operator
877,Slovenia,Wyman Inc,Cerklje na Gorenjskem,3579464842981717,Electrical Engineer
878,Slovenia,White-Trantow,Lokavec,3589234386281891,Community Outreach Specialist
879,Slovenia,"Hartmann, Runolfsdottir and Renner",Trnovska Vas,3570246815397370,Systems Administrator III
880,Slovenia,Kihn-Dickinson,Zgornje Jezersko,3549606225669734,Administrative Assistant III
881,Slovenia,Larkin Group,Dornava,4913621308844332,Director of Sales
882,Slovenia,Jacobson LLC,Vuzenica,3573915823877717,Teacher
883,Slovenia,West-Skiles,Rožna Dolina,5602257741737073,Speech Pathologist
884,Slovenia,Cartwright-Larkin,Rakičan,374283936529882,Marketing Assistant
885,Slovenia,Franecki-Waelchi,Lipovci,5602258525211251,Tax Accountant
886,Slovenia,Crist-Hoppe,Kanal,3561326615357856,Assistant Manager
887,Slovenia,Rowe LLC,Rakičan,5602259909014873,Health Coach IV
888,Slovenia,Beatty LLC,Kočevje,3585253780444016,Staff Scientist
889,Slovenia,Kihn LLC,Tišina,3570231746368203,Desktop Support Technician
890,Slovenia,"Brakus, Anderson and Jaskolski",Kanal,3568981899607476,Nurse
891,Slovenia,Lakin-Sauer,Šenčur,3536265976835641,Cost Accountant
892,Slovenia,Lowe LLC,Mokronog,3561151693606663,Design Engineer
893,Slovenia,"Willms, Conroy and Roberts",Šentrupert,3532668102485807,Research Associate
894,Slovenia,McLaughlin LLC,Žalec,5641829032161694961,Senior Cost Accountant
895,Slovenia,Dickinson Inc,Destrnik,4913414368479482,General Manager
896,Slovenia,Bruen and Sons,Vuzenica,5388895430549364,VP Accounting
897,Slovenia,Renner and Sons,Slovenski Javornik,372301514003096,GIS Technical Architect
898,Slovenia,Moore and Sons,Žirovnica,5641828287857129653,Senior Cost Accountant
899,Slovenia,Padberg Inc,Pesnica pri Mariboru,3585502313313704,Help Desk Operator
900,Slovenia,Ankunding-McKenzie,Sv. Anton,4017954807210,Staff Scientist
901,Slovenia,Ankunding and Sons,Kranj,3566238153548694,Computer Systems Analyst III
902,Slovenia,Renner Inc,Sv. Trojica v Slov. Goricah,6333511026128109,Senior Editor
903,Slovenia,Altenwerth-Kilback,Postojna,3581375251687700,Civil Engineer
904,Slovenia,Sauer and Sons,Šmarje pri Jelšah,3578494178014297,Executive Secretary
905,Slovenia,Olson LLC,Poljčane,3579096287453065,Actuary
906,Slovenia,Schamberger Inc,Zavrč,3540760702765249,Programmer II
907,Slovenia,Hartmann-Johnson,Šoštanj,5487411232844860,Staff Accountant II
908,Slovenia,"Fadel, Wisozk and Quitzon",Šentilj v Slov. Goricah,201881631328713,Social Worker
909,Slovenia,"Marvin, Schumm and Wyman",Pivka,5048377177031676,Senior Developer
910,Slovenia,Stroman-Stiedemann,Mozirje,3538020615992545,Chemical Engineer
911,Slovenia,Breitenberg and Sons,Kidričevo,5602257139524158,Staff Accountant I
912,Slovenia,Orn LLC,Černelavci,3539195814712883,General Manager
913,Slovenia,Medhurst Group,Divača,3574992869379832,Analog Circuit Design manager
914,Slovenia,"Champlin, Luettgen and Schmitt",Pivka,3588892328108182,Librarian
915,Slovenia,Kerluke-Koepp,Destrnik,4911002534710310,Chief Design Engineer
916,Slovenia,"Williamson, Cummerata and King",Trzin,36056622910784,Sales Representative
917,Slovenia,"Stokes, Bins and Price",Destrnik,4026839760264187,Senior Cost Accountant
918,Slovenia,"Bartell, Moen and Howe",Zgornje Gorje,4017953286085,Analyst Programmer
919,Slovenia,Kemmer Inc,Hrvatini,3549508359882432,Geologist I
920,Slovenia,"Corwin, Ondricka and Daniel",Ruše,491191128162865793,Teacher
921,Slovenia,Price-Wyman,Laško,36548779361241,Librarian
922,Slovenia,"Hartmann, Herman and Larson",Ravne,3532782756849018,Quality Engineer
923,Slovenia,"Schinner, Dooley and Spinka",Senovo,372301926008782,Engineer I
924,Slovenia,"Labadie, Collier and Towne",Cerkvenjak,3555028552796231,Administrative Assistant IV
925,Slovenia,"Stracke, Tillman and Goyette",Lokavec,4393287584028278,Internal Auditor
926,Slovenia,Schiller-Doyle,Hrastnik,633420988058117504,Project Manager
927,Slovenia,Gislason Group,Solčava,5007667023697079,Editor
928,Slovenia,"Emmerich, Wilderman and Little",Slovenski Javornik,5602251108411885,Account Coordinator
929,Slovenia,Koch-MacGyver,Cerklje na Gorenjskem,30197043970423,Engineer III
930,Slovenia,Beier and Sons,Vitanje,3556302941977664,Mechanical Systems Engineer
931,Slovenia,Cummings Group,Koper,490314081405022066,Research Associate
932,Slovenia,Kuvalis Inc,Rogoza,63042988290874498,Senior Quality Engineer
933,Slovenia,"Tillman, Wunsch and Gibson",Trbovlje,201824930801758,Developer II
934,Slovenia,Beer Inc,Štore,3574452716505576,Food Chemist
935,Slovenia,Skiles-Balistreri,Celje,490348600498679290,Junior Executive
936,Slovenia,Rogahn-Heller,Rakek,4903429047190720214,Automation Specialist IV
937,Slovenia,Kohler-Okuneva,Ljutomer,675971134820854595,Biostatistician II
938,Slovenia,Purdy-Walker,Koroška Bela,67066233946011639,Health Coach III
939,Slovenia,Sanford-Hettinger,Hodoš,3561521407354547,Financial Advisor
940,Slovenia,Windler-Ebert,Vitomarci,6767700484228892631,GIS Technical Architect
941,Slovenia,"Considine, Lehner and Deckow",Log pri Brezovici,3558899070106039,Data Coordiator
942,Slovenia,Walker-Koss,Divača,676770917272561184,Biostatistician IV
943,Slovenia,"McDermott, Swift and Koss",Log pri Brezovici,3571321851089501,Account Representative I
944,Slovenia,Stokes-Johns,Lendava,5602226810855991,Desktop Support Technician
945,Slovenia,Senger-Hodkiewicz,Železniki,4903535777389377571,GIS Technical Architect
946,Slovenia,Konopelski LLC,Mozirje,5007664829166789,Chemical Engineer
947,Slovenia,Hackett LLC,Puconci,3570659300417216,Software Consultant
948,Slovenia,Heathcote-Toy,Videm pri Ptuju,4917138222347165,Programmer Analyst I
949,Slovenia,"Hermann, Abbott and Leuschke",Šentjur,3537571245627571,Desktop Support Technician
950,Slovenia,Emard-Beier,Lavrica,201462455460153,Senior Quality Engineer
951,Slovenia,Metz-Funk,Bistrica pri Tržiču,4844839324234296,Dental Hygienist
952,Slovenia,"Stanton, Runte and Kuhn",Preserje pri Radomljah,5584254035027578,Geological Engineer
953,Slovenia,Durgan Group,Bilje,3529271460268603,Legal Assistant
954,Slovenia,Schumm Inc,Hrastnik,0604425329811490,Social Worker
955,Slovenia,"McDermott, Kris and Harris",Bistrica pri Tržiču,5610229574904740,Paralegal
956,Slovenia,VonRueden Group,Lavrica,5610978574612246,Junior Executive
957,Slovenia,Skiles-Hartmann,Pameče,3580553551636178,Administrative Assistant I
958,Slovenia,Fritsch and Sons,Vitomarci,4017951618868993,Geological Engineer
959,Slovenia,Olson-Predovic,Turnišče,6762597585834187,Payment Adjustment Coordinator
960,Slovenia,Bruen-Funk,Ormož,560221877487610120,VP Quality Control
961,Slovenia,Friesen-Reinger,Ljutomer,501862228483063906,Clinical Specialist
962,Slovenia,"Padberg, Reichel and Schamberger",Kočevje,5100176166494126,Safety Technician III
963,Slovenia,Nader Group,Vitanje,633477434796824624,Marketing Manager
964,Slovenia,"Tremblay, Hammes and Stiedemann",Žirovnica,371509723622511,VP Quality Control
965,Slovenia,Gutkowski Group,Bovec,3580543829216515,Design Engineer
966,Slovenia,"Satterfield, Weber and Breitenberg",Celje,3571023498606503,Compensation Analyst
967,Slovenia,Franecki and Sons,Jurovski Dol,3558350691454564,Technical Writer
968,Slovenia,Schumm-Kemmer,Grosuplje,3538407795091653,Budget/Accounting Analyst IV
969,Slovenia,Stoltenberg-Lemke,Rogoza,3585702733411167,Account Representative IV
970,Slovenia,Turcotte LLC,Zgornje Bitnje,6759519261675940628,Senior Quality Engineer
971,Slovenia,"Rohan, Kulas and Heaney",Puconci,3555857901805941,Systems Administrator I
972,Slovenia,Powlowski Inc,Postojna,5007669526010123,Occupational Therapist
973,Slovenia,"Sanford, Lesch and Runolfsdottir",Rakek,3587429919651279,Media Manager III
974,Slovenia,"Dare, Nader and Bernhard",Cankova,5602256458656906,Computer Systems Analyst III
975,Slovenia,Kirlin-Batz,Radeče,4913498236832030,Statistician IV
976,Slovenia,"Mitchell, Hodkiewicz and Ledner",Vuzenica,3560845544415940,Senior Developer
977,Slovenia,Wiegand-Pfeffer,Jurovski Dol,3531236556339754,Financial Analyst
978,Slovenia,Ratke-Wisozk,Puconci,3549290504449728,Software Test Engineer I
979,Slovenia,Jacobs-Bogan,Juršinci,5282057244940878,Help Desk Technician
980,Slovenia,Hackett-Schamberger,Verd,3584080311660435,Budget/Accounting Analyst I
981,Slovenia,"Hermann, Rogahn and Harvey",Ankaran,3588252083604810,Programmer III
982,Slovenia,"Predovic, Turner and O'Connell",Vitomarci,6384057527808862,Clinical Specialist
983,Slovenia,"Hintz, Nitzsche and Walsh",Pesnica pri Mariboru,201782230366973,GIS Technical Architect
984,Slovenia,Tremblay-Bergnaum,Bovec,6390128394160778,Media Manager IV
985,Slovenia,Trantow-Dickinson,Rače,5048379072112049,Research Associate
986,Slovenia,Reinger LLC,Zgornje Jezersko,6391001388576433,Assistant Manager
987,Slovenia,Leannon and Sons,Šmarje pri Jelšah,3577597824945507,Nuclear Power Engineer
988,Slovenia,Stamm-Morar,Radlje ob Dravi,3558570485309613,Chief Design Engineer
989,Slovenia,Rohan LLC,Koroška Bela,6384409354909034,Product Engineer
990,Slovenia,Gusikowski-Batz,Rakek,5007666088079264,Graphic Designer
991,Slovenia,McLaughlin-Dickens,Železniki,372476732139268,Administrative Assistant I
992,Slovenia,Torp-Leuschke,Juršinci,4844519836141847,Project Manager
993,Slovenia,Cormier-Abernathy,Nazarje,3571695202139671,Database Administrator I
994,Slovenia,Cremin-Toy,Grosuplje,56022195218257784,Nurse
995,Slovenia,Ward-Wyman,Ormož,6759755675067312968,Senior Editor
996,Slovenia,"Rau, Yundt and Hoppe",Mežica,3556943406244577,Account Coordinator
997,Slovenia,Turner Group,Zgornje Pirniče,5048370886900158,Associate Professor
998,Slovenia,"Jones, Cummings and Smitham",Radlje ob Dravi,3542520120818642,Health Coach II
999,Slovenia,"Breitenberg, Effertz and Dietrich",Vir,493620225767774805,Senior Sales Associate
1000,Slovenia,Smith LLC,Hrušica,374622263629056,Director of Sales
