id,Ime,Priimek,Kraj,Spol,Kreditna kartica,Znanja,Rojstni dan
1,Rickert,Cobson,Bastos,Male,3562190459498930,Marketing Manager,06.08.1993
2,Flo,Feeham,Xinji,Female,3549205403924381,Senior Quality Engineer,22.04.1996
3,Letta,Hengoed,München,Female,4844423870014681,GIS Technical Architect,09.02.1996
4,Amalita,Lascelles,Warri,Female,58934637004637201,Information Systems Manager,20.02.1993
5,Aggie,Scopham,Osoyoos,Female,490539991204907748,Executive Secretary,03.01.1997
6,Joana,Kalkofer,Chenguang,Female,3561053950501043,Accounting Assistant III,06.06.1994
7,Valentine,Ewbanks,Nova Odessa,Female,6709070266665131662,Marketing Manager,10.08.1993
8,Amie,Vassar,Bojonggenteng,Female,3541325288732341,Nurse Practicioner,06.04.1997
9,Lorant,Plumbe,Lokolande,Male,5602214984487338,Programmer Analyst III,16.06.1998
10,Mohandas,Nevett,Veliki Grđevac,Male,4844152991314197,Product Engineer,14.05.1993
11,Hamel,Baguley,Nova Pazova,Male,5452233763666368,Associate Professor,08.02.1997
12,Corabelle,Forrestor,Moratuwa,Female,3570146475484841,Project Manager,28.10.1997
13,Ellery,Wistance,Temblador,Male,374288086847935,Web Designer IV,09.01.1992
14,Alastair,Marquand,Nobinobi,Male,3536524391166143,Design Engineer,27.01.1995
15,Henrieta,Cresser,Echeng,Female,3569686627992210,Community Outreach Specialist,25.09.1998
16,Tadeas,Chester,Krasnaya Gorka,Male,3536974650871471,Data Coordiator,01.01.1996
17,Thoma,Ralton,Mallawī,Male,3558565037328533,VP Marketing,16.10.1996
18,Ogdon,Birney,Mizhuang,Male,4041376440004,VP Quality Control,23.03.1993
19,Rosanne,Gheorghie,Zyryanovsk,Female,373615286519636,Project Manager,19.03.1996
20,Janet,Wayper,Ulee Gle,Female,5602253688406111,Senior Developer,29.05.1992
21,Wolfgang,MacAlister,Afareaitu,Male,30242072197058,Engineer III,22.08.1993
22,Cullin,Jepp,Kimaam,Male,4175004001682544,Structural Analysis Engineer,19.10.1993
23,Wynnie,Collomosse,Cluses,Female,6331107306497538,Account Representative I,10.12.1997
24,Karoly,Lesley,Gotse Delchev,Female,5100142565202353,Nurse Practicioner,02.06.1997
25,Cherye,Leadbitter,Semenivka,Female,3575822427360397,Assistant Professor,17.06.1994
26,Birgit,Scorey,Mufumbwe,Female,6394366291348189,Recruiter,02.03.1994
27,Eamon,Tobias,Pamplona/Iruña,Male,3568517598903798,Accounting Assistant IV,07.05.1996
28,Mickey,Cure,Tô Hạp,Male,30478568586459,Software Test Engineer III,09.05.1995
29,Mehetabel,Shwalbe,Sadov,Female,5602226393125044,Accountant I,12.07.1996
30,Pooh,Wem,A’yi Take,Male,3564952335837237,Analyst Programmer,15.02.1997
31,Miof mela,McCarrison,Bergen,Female,58930721779581002,Account Coordinator,21.03.1993
32,Eleonora,Duberry,Panique,Female,50185299359436433,Structural Engineer,11.12.1997
33,Nicolais,Dessent,Rokytnice nad Jizerou,Male,67718319207710829,Librarian,28.10.1995
34,Dyan,Curlis,Brumadinho,Female,3567005300386842,Pharmacist,14.10.1992
35,Fremont,McCudden,Cabanbanan,Male,5602233715977979,Financial Advisor,08.02.1995
36,Patricio,Syrad,Saint Paul,Male,374622925853664,Clinical Specialist,17.12.1996
37,Robbi,Bassam,Nangalimang,Female,3576691016169660,Data Coordiator,08.12.1998
38,Ray,Silman,Quillo,Male,4905003618071128344,Database Administrator IV,05.01.1995
39,Joelynn,Marnes,Jinshan,Female,3585215553667305,Budget/Accounting Analyst IV,30.08.1992
40,Karia,Le Barr,Hong Kong,Female,3554562017860019,Business Systems Development Analyst,08.04.1995
41,Muhammad,Spellar,Rizal,Male,5602219774061086,Associate Professor,15.04.1998
42,Katya,Goodisson,Jati,Female,3565969342005391,VP Accounting,13.10.1995
43,Thorsten,Bollam,Āzādshahr,Male,3544385123950786,Environmental Specialist,21.09.1997
44,Kory,Baurerich,Bobigny,Male,5610800571889439,Systems Administrator III,13.05.1996
45,Dugald,Bezants,Santa Paz,Male,5518405285950080,Nurse,27.02.1993
46,Arnuad,Canas,Tanenofunan,Male,5038621358303871,Developer II,09.06.1997
47,Amara,Domone,Sahnaiya,Female,6384593501229907,Office Assistant II,14.04.1997
48,Merrill,Shoesmith,Kamiiso,Male,201600081246393,Senior Developer,30.09.1993
49,Adella,Chestney,Dagar,Female,3557335802596420,Help Desk Operator,08.10.1996
50,Nonie,Slowly,San Justo,Female,5602254089605034929,Professor,08.06.1997
51,Jourdan,Sprigin,Sarrat,Female,3586376898229000,Executive Secretary,27.03.1997
52,Donia,Villiers,Plavy,Female,30037903542583,Marketing Manager,07.03.1993
53,Davon,Linton,Rizal,Male,6759724445116341,Account Coordinator,01.03.1997
54,Maggee,Crock,Pelabuhan Dagang,Female,6762312807758312938,Food Chemist,30.05.1998
55,Elvina,Merveille,Belén de Umbría,Female,30132642408988,Engineer II,24.10.1996
56,Omar,Terrington,Köping,Male,4026673071863761,Registered Nurse,24.03.1993
57,Shel,Vassie,Shuhong,Female,372301409888908,Business Systems Development Analyst,24.05.1993
58,Benjie,Bean,Gucheng,Male,4844394158177823,Account Executive,03.03.1992
59,Natassia,Cainey,Babakan Baru,Female,3568486013399281,General Manager,19.06.1993
60,Stearne,Lightbourne,Marcos Juárez,Male,3570901140804637,Accounting Assistant III,23.01.1993
61,Myrtice,Andriulis,Hägersten,Female,6763815336376707,Librarian,07.09.1997
62,Harold,Edsall,Dayang,Male,3560595629886412,Human Resources Manager,21.11.1997
63,Germain,Nibley,Chagou,Male,561047279268683428,Programmer III,26.06.1995
64,Chevalier,Matthesius,Chum Phuang,Male,3576636909809567,Recruiting Manager,26.06.1994
65,Vernice,Cockrell,Tanggung,Female,3575686489084728,Staff Scientist,24.10.1995
66,Moses,Stoffersen,Esquina,Male,5002352930208246,Assistant Media Planner,08.02.1993
67,Sherman,Orgen,Nyköping,Male,5555815880490783,Recruiter,18.10.1996
68,Yorke,Dole,Ningyuan,Male,5602240429435574,Account Coordinator,13.05.1995
69,Lisabeth,Erwin,Clichy,Female,560222688599770861,Human Resources Manager,14.10.1995
70,Tish,Orteau,Jonkowo,Female,6333725134012225,Social Worker,29.04.1996
71,Mose,Lowbridge,Américo Brasiliense,Male,201436365483141,Desktop Support Technician,01.12.1996
72,Alyssa,Huard,Guaíba,Female,6331108694305265187,Geologist II,11.02.1994
73,Franky,McIlharga,Ekenäs,Female,3580412020092945,Nurse,20.08.1995
74,Rina,Werner,Dianzi,Female,6395483787914421,Web Designer I,21.05.1998
75,Ransom,Mordon,Postira,Male,4905699274711487,Assistant Manager,16.04.1993
76,Gerrie,Behnecke,Kadengan,Male,3564946905367401,Speech Pathologist,27.02.1996
77,Tab,Durant,Farkhor,Male,3555257352606353,Programmer IV,24.02.1994
78,Catie,Whymark,Helvecia,Female,30434843486296,Computer Systems Analyst IV,24.01.1998
79,Kimmi,Cowterd,Błaszki,Female,5100175108717511,Assistant Professor,16.03.1992
80,Eward,Pennino,Singajaya,Male,3586533108073236,Senior Editor,15.05.1994
81,Seward,Domini,Liujiagou,Male,4905820910616795,Data Coordiator,18.02.1992
82,Sonia,Laimable,Huaraz,Female,5018768576040770115,Payment Adjustment Coordinator,03.03.1996
83,Bennett,Taggart,Yaguarón,Male,3555247867834079,Design Engineer,29.04.1997
84,Jard,Lukasen,Pameče,Male,3536143270111920,Paralegal,07.04.1997
85,Pembroke,Madoc-Jones,Hualian,Male,560222884390141432,GIS Technical Architect,15.02.1992
86,Iosep,Eul,Duqiao,Male,3576860048856137,Clinical Specialist,29.12.1995
87,Minerva,Bollins,Sicheng,Female,501831907575921042,Recruiting Manager,03.07.1997
88,Ryon,Jarmaine,San Narciso,Male,30327396625213,Developer II,12.05.1996
89,Isidro,Ferandez,Bārah,Male,5007660576857422,Food Chemist,17.07.1996
90,Darbee,Fones,Khafizan,Male,5893982090743360055,Operator,18.11.1998
91,Jess,Bogays,Zuogaimanma,Female,3575780504642618,Tax Accountant,01.11.1992
92,Yulma,Bambrugh,Pattani,Male,589394715205425258,Computer Systems Analyst II,12.11.1993
93,Zechariah,Bent,Biny Selo,Male,3559280816004375,Systems Administrator II,21.11.1995
94,Monti,Cloughton,Guihuaquan,Male,5519712245170215,Executive Secretary,08.06.1997
95,Romain,Farquhar,Herrljunga,Male,5108756006092891,Budget/Accounting Analyst II,02.04.1992
96,Jess,Hortop,Gunungsari,Female,201468090731189,Software Test Engineer IV,05.10.1997
97,Dana,Breston,Enrekang,Male,6381766510704499,Senior Editor,20.02.1995
98,Mauricio,Farnell,Hongtian,Male,4917598909961994,Marketing Manager,11.03.1995
99,Stanley,Axup,Jhang Sadr,Male,3560006363218523,Structural Engineer,12.07.1998
100,Christabel,Fenkel,Jiaojie,Female,3556004374697302,Sales Representative,14.08.1996
101,Russ,Steers,Nkayi,Male,30285253877030,Executive Secretary,25.08.1996
102,Rickey,Janikowski,Cachada,Male,3547456486589698,Safety Technician I,07.03.1995
103,Kelly,Verillo,Lakbok,Male,3583554928553879,Senior Cost Accountant,23.01.1993
104,Felizio,Weaver,Jinta,Male,6759133443585124909,Accountant IV,25.07.1994
105,Blythe,Dowse,Abū Sunbul,Female,4175005283207645,Account Coordinator,09.04.1993
106,Micheal,Fulton,Mogwase,Male,3538616496360957,Human Resources Manager,09.06.1996
107,Shell,Alsobrook,Huatajata,Female,3537018552503268,Budget/Accounting Analyst III,24.03.1996
108,Eugenius,Sandiford,Youlan,Male,3528789200611544,Help Desk Operator,05.03.1995
109,Abdel,Adkin,Yipeng,Male,3580307299666488,Programmer II,25.05.1993
110,Mordecai,De Vuyst,Guararema,Male,3546593492358675,Operator,17.09.1997
111,Allys,Wolters,Huating,Female,374283881168652,VP Marketing,24.07.1994
112,Bernelle,Braams,Trindade,Female,36668673302289,Account Coordinator,12.11.1993
113,Archibaldo,Sowle,Ubiaja,Male,201492051889349,Cost Accountant,01.04.1992
114,Bernetta,Bugden,Sonquil,Female,3530441628256140,Engineer III,04.10.1993
115,Waiter,MacRierie,Watangan,Male,3532338476234161,Senior Developer,21.01.1998
116,Stephen,Glasard,Xinshui,Male,3572406531749910,Teacher,03.06.1998
117,Celia,Kigelman,Agía Varvára,Female,4917722231075022,Physical Therapy Assistant,10.07.1994
118,Graehme,Campsall,Khorixas,Male,3543880733846086,Project Manager,27.02.1998
119,Justinn,Tesmond,Bum Bum,Female,5494580629011324,Tax Accountant,05.06.1997
120,Abbot,Paddell,Xihanling,Male,3564563862087029,Recruiting Manager,02.06.1995
121,Nonna,Troup,Kampungbajo,Female,5020484856289567,Health Coach II,12.11.1995
122,Daisey,Larchier,Atamyrat,Female,3566474438907062,Desktop Support Technician,01.03.1994
123,Karil,Frangleton,Nanpiao,Female,3579243409624146,Compensation Analyst,09.02.1997
124,Vivyan,Prall,Basista,Female,4508259633166146,Help Desk Technician,06.09.1995
125,Prinz,Shopcott,Jankomir,Male,3544239283748516,Compensation Analyst,24.10.1992
126,Laurena,Kembry,Ketanggungan,Female,670614206137371234,VP Marketing,28.03.1996
127,Dale,Berryann,Bangeran,Female,3536894219939645,Pharmacist,10.08.1996
128,Batsheva,Piggford,Kruševac,Female,670654852021130268,Accountant II,25.04.1994
129,Killy,Pemble,Sasaguri,Male,3581458954620705,Environmental Tech,27.08.1998
130,Gabriele,Maes,Alfenas,Male,6762715407033553050,Office Assistant II,29.03.1993
131,Curtis,Giocannoni,Shanglu,Male,5602230037044529222,Analyst Programmer,11.10.1996
132,Brooks,Costa,Adelaide Mail Centre,Female,5010122243920328,Quality Control Specialist,02.06.1995
133,Val,Trouncer,Castanheira,Female,3543764514001782,Information Systems Manager,17.05.1992
134,Phaedra,Nafziger,Diwopu,Female,50386049671613269,Budget/Accounting Analyst IV,05.11.1997
135,Lelah,Le Fleming,Mērsrags,Female,6761296104660002498,Technical Writer,25.12.1997
136,Dave,Glaister,Tsyurupyns’k,Male,3556346739719655,Web Developer II,11.12.1993
137,Thayne,Garter,Ladário,Male,3546449838758963,Developer IV,02.06.1997
138,Dinah,Pleasance,Somanda,Female,3561210446142390,Occupational Therapist,13.04.1996
139,Paddy,Virgoe,Bohou,Male,3535150269509320,GIS Technical Architect,23.05.1994
140,Amara,Fearns,Shazhuang,Female,3589600363339714,Automation Specialist IV,07.10.1992
141,Gerick,Hugenin,Jaffna,Male,5007662661721943,Human Resources Assistant III,24.10.1995
142,Danny,Caistor,Obsharovka,Female,5602258214564192,Senior Cost Accountant,30.12.1994
143,Linell,Dudden,Kavār,Female,3567050743424388,Information Systems Manager,14.03.1996
144,Luella,Ocklin,Kasugai,Female,5602237853484227,Speech Pathologist,19.03.1996
145,Dallis,Romans,Jablonec nad Jizerou,Male,30257144300365,Business Systems Development Analyst,28.08.1993
146,Lenette,Sanpher,Little Current,Female,3561727694671861,Help Desk Operator,11.08.1998
147,Blaire,Stairmand,Nanxiang,Female,3532946550848340,Cost Accountant,04.09.1995
148,Brockie,Harrisson,Karangbaru,Male,3573091696041516,Account Executive,06.08.1997
149,Lil,Clute,Rennes,Female,3544617651596023,Structural Analysis Engineer,02.02.1996
150,Cazzie,Penhall,Shebekino,Male,3538305941320663,Nurse Practicioner,06.01.1992
151,Kristin,Zupo,Kuantian,Female,3572067994483155,Office Assistant III,03.05.1995
152,Saunder,Draisey,Phunphin,Male,5010124502479533,Analog Circuit Design manager,18.09.1992
153,Nikolos,Bleasdale,Gimcheon,Male,5417926395991534,Help Desk Operator,27.04.1996
154,Enos,Kemmet,Wleń,Male,4175002857222670,Research Assistant IV,05.06.1993
155,Elspeth,Agutter,Osoyoos,Female,3555101871389812,Structural Analysis Engineer,08.05.1994
156,Stirling,Lillistone,Berlin,Male,3558263770399859,Software Consultant,12.06.1994
157,Austen,Redford,Arma,Male,5602223240874275077,Geological Engineer,19.10.1996
158,Georgena,Seine,Messina,Female,5602254590534495,Human Resources Assistant IV,17.03.1995
159,Phillipe,Perett,Plalar,Male,5610765512375246,Graphic Designer,02.08.1998
160,Laurene,Bigrigg,Zelenogradsk,Female,3544459947728171,Payment Adjustment Coordinator,30.08.1995
161,Clint,MacIlhargy,Anticala,Male,6763904834173608,Web Designer IV,06.09.1996
162,Georgie,Priden,Mtsensk,Male,6393057077137919,Research Nurse,08.01.1993
163,Ninetta,O'Hegertie,Fuwen,Female,4017954660037897,Registered Nurse,16.10.1993
164,Fara,Hostan,Shihua,Female,3537938268842108,Physical Therapy Assistant,17.11.1998
165,Frederick,Seel,Xikou,Male,4913876618288071,Quality Control Specialist,27.11.1992
166,Bradan,Chstney,Dengfang,Male,3581406447368275,Product Engineer,21.11.1993
167,Ignatius,Yare,Ji’an,Male,5533956972796914,Office Assistant II,22.11.1995
168,Jilli,McLugaish,København,Female,6771031817552237208,Sales Representative,25.04.1994
169,Worden,Broy,San Pedro Carchá,Male,3564424707370221,Assistant Manager,12.02.1998
170,Locke,Dilkes,Hrochův Týnec,Male,3569381253144613,Cost Accountant,13.02.1997
171,Keri,Egglestone,Harbour Breton,Female,3533246754188935,Editor,02.08.1998
172,Toma,Nerger,Orsay,Female,3558034167133643,Technical Writer,27.01.1994
173,Elli,Kynder,P’asanauri,Female,30157504718570,Food Chemist,01.01.1996
174,Maggee,Edgley,Walakeri,Female,3536264908655516,Editor,14.05.1995
175,Berkley,Demaine,Phetchabun,Male,060446133802358379,VP Quality Control,19.05.1998
176,Giuditta,Gaynsford,Nhà Bàng,Female,560221115450293834,Mechanical Systems Engineer,19.04.1997
177,Courtenay,Dottridge,Šmartno pri Litiji,Female,3536457156318791,Chief Design Engineer,14.06.1996
178,Cornelia,Guiraud,Kokubu-matsuki,Female,3535527308624824,Account Coordinator,11.09.1992
179,Timothea,Vonderdell,Koh Tao,Female,4041378273731334,Engineer I,04.05.1997
180,Olivero,Sirette,Kuluran,Male,30306651732039,Senior Editor,17.04.1993
181,Manya,Lonsbrough,Bestovje,Female,5433989179452560,VP Marketing,16.07.1997
182,Engracia,Frangione,Novhorod-Sivers’kyy,Female,3565193964662047,Business Systems Development Analyst,25.10.1992
183,Orel,Greenrod,Černošín,Female,3583492720693835,Statistician IV,15.05.1996
184,Clevey,Kopacek,Najrān,Male,201544182410476,Pharmacist,17.12.1993
185,Lacey,Gann,Banān,Female,5602247902595634,Chemical Engineer,06.12.1992
186,Bogey,Alliberton,Jiuxian,Male,67611557002305372,Project Manager,02.01.1998
187,Carolee,Blake,Shangcun,Female,5352183511263193,Executive Secretary,05.09.1993
188,Maggy,Stockau,Walakeri,Female,3533180487477564,Biostatistician II,22.06.1995
189,Andy,Settle,Mingshan,Female,3549650632411850,Budget/Accounting Analyst II,27.06.1998
190,Nappy,Skedgell,Maturín,Male,3534694121362825,GIS Technical Architect,20.05.1996
191,Hally,Peat,Kyllíni,Female,4905032003291334,GIS Technical Architect,07.08.1994
192,Lucias,Antonutti,Bagroy,Male,201584023534407,Help Desk Operator,29.09.1994
193,Connie,Stubbings,Pancoran,Male,6389749908205628,Legal Assistant,11.07.1994
194,Royal,Mizen,Gujun,Male,5460504286497998,Librarian,12.07.1996
195,Hugues,Ivanenkov,Pasirtundun,Male,4917249318222020,Geological Engineer,08.03.1993
196,Donielle,Cathery,Jablah,Female,4903901579365841,Graphic Designer,10.02.1993
197,Raimundo,Hosten,Wairinding,Male,3580257411153586,Tax Accountant,14.06.1994
198,Querida,Olivier,San Sebastian,Female,3536634494183828,Web Developer II,15.09.1998
199,Tad,Gebbe,Mamboma,Male,5020367580254892004,Assistant Professor,31.07.1992
200,Izaak,Gillhespy,Kebonsari,Male,3534169360947057,General Manager,19.06.1997
201,Philippa,Deakin,Prado,Female,3572777611975199,Marketing Manager,02.09.1996
202,Allsun,Worthy,Karungdong,Female,3536075302879720,Analyst Programmer,16.04.1995
203,Dasha,Pullan,Zhangzhu,Female,3539602083385051,Graphic Designer,30.08.1996
204,Dorelia,Jenk,Bonoua,Female,676712125252220224,Health Coach II,22.03.1998
205,Karney,Togher,Sebulu,Male,5038647390142563,Quality Control Specialist,14.01.1994
206,De,Rennenbach,Reading,Female,3586148688098972,Executive Secretary,07.08.1995
207,Linoel,Pistol,Iguatu,Male,372301161329596,Product Engineer,12.11.1997
208,Michele,Koppe,København,Female,5007667673446033,Community Outreach Specialist,08.09.1996
209,Danette,Domleo,El Ingenio,Female,3556289262573547,Speech Pathologist,21.11.1993
210,Michel,Tuckey,Gumdag,Female,3564439078532175,Administrative Assistant II,26.10.1993
211,Marta,Dimont,Muikamachi,Female,201818533941003,Associate Professor,19.11.1995
212,Emile,Rubinowicz,Zhigong,Male,676794463987912729,Assistant Professor,05.09.1995
213,Rivy,Partridge,Huarong Chengguanzhen,Female,3568674299184374,Analyst Programmer,21.09.1993
214,Decca,Dwelley,Vales,Male,30592463402909,Biostatistician IV,21.07.1994
215,Rurik,Ramsted,Yuezhao,Male,560222167456443490,Dental Hygienist,08.11.1992
216,Jack,Chawner,Bouças,Male,30172038430295,General Manager,03.08.1993
217,Loretta,Byfford,Täby,Female,3538889025866220,Human Resources Manager,29.11.1996
218,Justus,Lewendon,Santong,Male,3573171886854710,Financial Analyst,02.12.1994
219,Elysha,Lorroway,Ciomas,Female,3586683787216430,Junior Executive,20.08.1995
220,Gael,Kingsnoad,Katakwi,Female,3565224161032922,Paralegal,22.09.1994
221,Caleb,Vasilchikov,Västra Frölunda,Male,5100177588776751,Graphic Designer,13.11.1996
222,Brockie,Momford,Songhae,Male,6333220134857251664,Accountant II,17.01.1996
223,Emmet,Mibourne,Kamba,Male,3562475631258843,Physical Therapy Assistant,13.04.1994
224,Portie,Boatwright,Tabuating,Male,5464178633512563,Geologist III,31.03.1995
225,Georgiana,Labrone,Philadelphia,Female,3536076349648359,Project Manager,25.12.1995
226,Alvira,Forsbey,Mvomero,Female,5592387157397641,VP Marketing,24.06.1992
227,Rory,Santon,Jiayuguan,Female,4508233935933958,Physical Therapy Assistant,19.07.1994
228,Raphael,Hedgecock,Pundong,Male,3572311283610254,Design Engineer,30.06.1995
229,Tobey,Leas,Cigebrok,Female,3587996506004286,Environmental Tech,07.10.1997
230,Bernie,Flacknoe,Néa Péramos,Female,3535473731848286,Research Nurse,22.10.1996
231,Maryanna,McCallion,Boston,Female,6304942173019137,Food Chemist,12.11.1993
232,Kylie,Davison,Vallehermoso,Male,5602226409617034730,Software Engineer III,23.10.1992
233,Lettie,Oakhill,Xiangyun,Female,5198549517005747,Civil Engineer,28.11.1998
234,Marina,Oleksiak,Dongxi,Female,3544128402122176,Food Chemist,21.01.1993
235,Marcelle,Orange,Buganda,Female,5038332449019241,Accounting Assistant III,16.11.1998
236,Gerri,Tomczynski,Los Cedrales,Male,201642975116969,Information Systems Manager,26.11.1994
237,Arlan,Litzmann,Partizansk,Male,3589897180380208,Research Assistant III,03.10.1993
238,Johnnie,Collecott,Esil,Male,36579079746070,Software Consultant,13.02.1995
239,Barbabra,Mazey,Korczyna,Female,3561386770950747,Marketing Manager,22.03.1996
240,Verla,Fumagalli,Shijing,Female,490561000856366046,Dental Hygienist,16.04.1996
241,Abey,Roke,Waco,Male,5893173814274480,Structural Analysis Engineer,02.09.1997
242,Monte,Rabley,Huaquirca,Male,3570855280068769,Human Resources Manager,03.11.1993
243,Hoyt,Elcoat,Kakuda,Male,3584552721160925,Staff Accountant IV,09.08.1996
244,Elizabeth,Chedzoy,José Bonifácio,Female,5020583370581949927,Accountant I,17.10.1997
245,Timothy,Walmsley,Kasingan,Male,3532523280180664,VP Marketing,07.10.1992
246,Annalise,Potbury,Pawili,Female,5322762261710003,Desktop Support Technician,10.03.1995
247,Rollie,Todaro,Fengdian,Male,374288865723240,Staff Scientist,08.05.1992
248,Billi,Burdytt,Lagny-sur-Marne,Female,676103064195537997,Structural Analysis Engineer,26.04.1994
249,Elaina,Archbell,Utmānzai,Female,490541142078620076,Recruiting Manager,04.02.1996
250,Nancee,McGenn,Genyem,Female,3561806263263779,Administrative Officer,08.04.1997
251,Marjie,Strewthers,Pyrzyce,Female,5100147846924055,Budget/Accounting Analyst III,24.06.1995
252,Gayler,Crollman,Shirone,Male,3558673278988757,Computer Systems Analyst III,27.04.1995
253,Nicolai,Chastelain,Mamanguape,Male,201877494246042,Help Desk Operator,15.08.1992
254,Daniella,Vondrys,Ziyang,Female,3567324806067214,Systems Administrator III,06.05.1997
255,Laryssa,Clamp,Chengjiao,Female,3588062396523858,Paralegal,08.10.1993
256,Geoffrey,Bellie,Patrang,Male,3529195219475468,Automation Specialist IV,26.05.1995
257,Charmian,Dominey,Calaba,Female,5100134902271746,Internal Auditor,25.01.1994
258,Mirna,Lindl,Songjiang,Female,5610027788426306,Nurse,18.05.1993
259,Andriette,Coucher,Fangtai,Female,3564557292576619,Assistant Media Planner,22.07.1998
260,Heinrik,Tringham,Yongtai,Male,5296105611370338,Senior Cost Accountant,12.08.1992
261,Richy,Kinch,Hongtang,Male,56022420311428003,Structural Engineer,15.07.1994
262,Lilli,Arondel,Vathýlakkos,Female,3538937407022795,Human Resources Assistant III,28.02.1998
263,Marnia,McKellar,Xiangxi,Female,3555339016863107,VP Marketing,17.11.1992
264,Aylmer,Vanns,Idah,Male,5038146012305989,Senior Editor,13.04.1994
265,Caesar,Tackell,Lukou,Male,5602213850807892,Chief Design Engineer,10.10.1995
266,Joelynn,Monelli,Pajapita,Female,5602221692969044,Desktop Support Technician,07.03.1995
267,Morgun,Spiers,Pointe Michel,Male,3561114418775239,Professor,23.07.1995
268,Stavro,Bodker,Estância Velha,Male,201946619995013,Human Resources Manager,29.06.1997
269,Kingsley,Crayton,Vierzon,Male,3576247851523089,Environmental Tech,21.04.1992
270,Emmerich,Restall,Lamu,Male,4175003281020508,Mechanical Systems Engineer,17.09.1992
271,Werner,Isley,Kuçovë,Male,201703635032382,Research Associate,26.12.1994
272,Hamilton,Jelk,Ciganaria,Male,30104850102058,Chemical Engineer,03.07.1993
273,Cassey,Basilotta,Épernay,Female,633413176719018670,Internal Auditor,29.12.1997
274,Silas,Hurdwell,Lomme,Male,6762745502130428182,Information Systems Manager,07.08.1992
275,Lexie,Capes,Phu Loc,Female,4913561081962531,Clinical Specialist,21.05.1995
276,Yasmin,Moseley,Sosnovka,Female,5002356399591117,Accounting Assistant III,16.01.1997
277,Casar,Copson,Vredenburg,Male,201994715698941,Automation Specialist IV,28.03.1994
278,Tucker,Stokoe,Richmond,Male,3549421062854310,Software Consultant,07.05.1996
279,Packston,MacQuaker,Yulin,Male,201629346602892,Civil Engineer,03.03.1995
280,Anthony,Poyzer,Prior Velho,Male,3568033227292132,VP Accounting,18.11.1992
281,Selby,Morrow,Beixiaoying,Male,3566213263505900,Geological Engineer,09.10.1994
282,Pia,McCusker,Creil,Female,5223056896795541,Human Resources Assistant III,24.10.1993
283,Tracie,Armatidge,Kiukasen,Female,337941592499817,Data Coordiator,05.05.1995
284,Ervin,Pren,Sheregesh,Male,56022413528328629,Research Assistant IV,21.10.1998
285,Hedvige,Brant,Facatativá,Female,6709045111452906,Tax Accountant,14.01.1996
286,Felicio,Toun,Lewoeleng,Male,3575713404607035,Dental Hygienist,19.05.1998
287,Raimund,Haselup,Kebon,Male,3581248793919479,Senior Cost Accountant,25.10.1993
288,Free,Kaye,Bomomani,Male,201978699689646,Professor,24.11.1992
289,Mallissa,Northidge,Yujia’ao,Female,3575383741907942,Biostatistician IV,01.01.1994
290,Lindsey,Flood,Don Chedi,Male,30364988106286,Project Manager,27.05.1997
291,Matty,Matteacci,Uyuni,Male,3550795509923606,VP Quality Control,05.01.1998
292,Winfred,Costello,Skore,Male,4913450102572570,Tax Accountant,28.02.1995
293,Darrick,Skirrow,Huitang,Male,3533235321323356,Staff Scientist,24.05.1997
294,Stanleigh,Rabbet,Hongmen,Male,201868418602063,Electrical Engineer,15.02.1995
295,Hube,Bodker,Patrocínio,Male,5100173577611687,Information Systems Manager,11.07.1993
296,Vincents,Meindl,Nadi,Male,5100174072900252,Accountant I,31.05.1996
297,Daryl,Guilder,Västerås,Male,3559208874425935,Data Coordiator,09.04.1998
298,Jamey,Haining,Neresnytsya,Male,6706964319563244,Nurse Practicioner,26.07.1996
299,Paola,Curphey,Zhouzhuang,Female,6761158782581277278,Structural Engineer,16.04.1992
300,Bobby,Gowrich,Birigui,Male,5610743613094814210,Librarian,20.05.1997
301,Scotti,Jorioz,Sanchang,Male,3583439123780354,Associate Professor,08.11.1994
302,Dulcea,Steinor,Guli,Female,3573622697741256,Associate Professor,25.05.1998
303,Lenore,Frantzeni,Ocumare del Tuy,Female,3542628033508315,Environmental Specialist,05.03.1998
304,Whit,Ezzy,Kičevo,Male,3580803836681543,Dental Hygienist,11.01.1994
305,Koressa,Tremblet,Damiao,Female,30143128164763,Senior Sales Associate,26.04.1994
306,Wayne,Ber,Las Vegas,Male,67595953562685719,Geological Engineer,27.12.1992
307,Lind,Jockle,Kamiiso,Male,3580640849553891,Web Designer III,06.09.1994
308,Phil,D'Onise,Souto da Casa,Female,5602237269904321,Recruiter,26.08.1996
309,Allys,Boland,Kiryū,Female,374283391481330,Financial Analyst,13.06.1994
310,Kathy,Bompass,Kupavna,Female,3534647816514647,Editor,12.03.1994
311,Hank,Bartoletti,Buutuo,Male,3569341791106748,Programmer Analyst III,19.05.1992
312,Radcliffe,Cackett,Taiqing,Male,3564321881867164,Research Associate,01.01.1998
313,Nev,Bricklebank,Lemenhe,Male,3570650966447506,Actuary,27.10.1995
314,Maryanna,Bowerman,Carmelo,Female,6761994094637998,Paralegal,30.07.1998
315,Madelina,Prozescky,Mysiadło,Female,3556068120728737,Engineer III,29.01.1998
316,Jefferson,Ferreri,Villaguay,Male,4175008860856941,Nurse,25.04.1993
317,Loree,Meynell,Jelcz,Female,3582482637834201,Graphic Designer,29.07.1996
318,Dietrich,Foli,Ventersburg,Male,5602226267121756,Tax Accountant,09.02.1993
319,Rozanne,MacColgan,Dongjian,Female,5010125694966583,Account Executive,21.08.1992
320,Moll,Sinott,Mae Chan,Female,374283572055473,Librarian,08.09.1993
321,Malachi,Dubarry,Guyang,Male,3573980941382826,Senior Quality Engineer,18.07.1997
322,Karol,Bidewell,Bohicon,Female,3568982102187207,Product Engineer,01.10.1994
323,Timothea,Snaddin,Memphis,Female,3543923383884856,Quality Engineer,20.04.1993
324,Hyacintha,Mc Gorley,Gantang,Female,3538429300038763,Developer I,19.09.1996
325,Kip,Saturley,Seke,Male,3555897556894246,Web Designer IV,27.06.1995
326,Faulkner,Whitehead,Sōja,Male,3557037310790319,Director of Sales,24.02.1992
327,Joice,Hubber,Bafoulabé,Female,4026038095480796,Clinical Specialist,01.06.1997
328,Brady,Piggot,Toshloq,Male,5108897232996115,Staff Accountant III,02.07.1998
329,Wileen,Rubery,Jiru,Female,4508018438331168,Payment Adjustment Coordinator,22.11.1993
330,Luisa,Safont,Jibu,Female,3541422980613059,Librarian,29.08.1995
331,Jereme,Klageman,Yayao,Male,5602247560237412,Geologist II,01.07.1995
332,Elisa,Tether,Linxi,Female,30071422859186,Financial Analyst,05.09.1995
333,Jareb,Sinclar,Tha Tako,Male,3574070640837210,Administrative Officer,17.01.1994
334,Guillema,Willets,Dachong,Female,5504012579872115,Speech Pathologist,10.05.1997
335,Elysee,Smeeton,Sanli,Female,676732752639139292,Help Desk Operator,19.02.1995
336,Cosetta,Brend,Guilmaro,Female,676227235657542730,Technical Writer,16.10.1997
337,Orren,Mapples,Atlanta,Male,3571716274185085,Junior Executive,29.07.1995
338,Nessa,Vassman,Tabuaço,Female,3577293179573165,Assistant Professor,15.03.1996
339,Elston,Greaves,Sanjia,Male,3567724328879717,Professor,05.04.1996
340,Caye,Domerque,Nanmen,Female,3578583726521009,Senior Financial Analyst,17.12.1994
341,Scotti,Dunsmore,Kelodan,Male,30036331393502,Database Administrator II,07.10.1997
342,Bird,Tremonte,Tuzhai,Female,3581357498356083,Biostatistician II,05.10.1998
343,Jareb,Samarth,Pojan,Male,374622128763298,Financial Advisor,13.10.1996
344,Aguste,Beazleigh,Daniwato,Male,5048373438051777,Food Chemist,18.08.1994
345,Horacio,Cockrem,Shidu,Male,6388590302598924,Engineer IV,02.06.1993
346,Sarene,Vyse,Kihangara,Female,348083078354211,Environmental Tech,21.02.1995
347,Ines,Poure,Kālīganj,Female,3548254133736369,Pharmacist,05.10.1994
348,Ray,O'Hingerty,Płońsk,Female,30382046137275,Programmer Analyst I,13.01.1995
349,Maitilde,Beahan,Davydovo,Female,30490955194763,Administrative Officer,06.11.1994
350,Akim,Hilling,Bailingnao,Male,3581310928524150,Research Associate,04.04.1996
351,Hadleigh,Carlone,Jaroměřice nad Rokytnou,Male,3538335629806162,Nuclear Power Engineer,11.12.1995
352,Antonin,Belfitt,Jingzhou,Male,58935512625509668,Biostatistician III,21.04.1998
353,Derron,Britner,Dagushan,Male,5108756059592474,Account Representative I,24.02.1998
354,Trixie,Reuben,Ete,Female,30294860315947,Editor,01.12.1992
355,Carmel,Durham,Arnhem,Female,6394664693207981,Environmental Tech,30.03.1992
356,Somerset,Wegman,Verba,Male,5010125898200284,Assistant Manager,08.05.1997
357,Elton,Signore,Mishima,Male,3560305078147542,Physical Therapy Assistant,28.07.1994
358,Dewitt,Adkins,Kepoh,Male,201581340482385,Senior Sales Associate,18.09.1995
359,Darrin,Echallie,Yixing,Male,5602257443368425,Nurse Practicioner,18.09.1998
360,Anjela,Tabor,Temuji,Female,5179754409056492,Assistant Manager,10.11.1997
361,Anatollo,Brosch,Chengxiang,Male,5100174883004898,Sales Representative,13.10.1992
362,Jackqueline,Coulsen,Senj,Female,63047278273047527,Junior Executive,18.11.1996
363,Maxie,de Clerc,Jardinópolis,Female,3553592239482087,Account Representative IV,05.10.1995
364,Pryce,McNulty,Viñales,Male,201732579744694,Analog Circuit Design manager,07.06.1997
365,Aldin,Crump,Hokor,Male,3544837725051470,Senior Cost Accountant,03.06.1998
366,Dona,Barnson,Campos Novos,Female,4041597978266995,Director of Sales,17.01.1995
367,Braden,Rigardeau,Ribamar,Male,3548197183757043,Senior Financial Analyst,19.06.1995
368,Filbert,Clemmow,Vysotskoye,Male,3567718048948562,Compensation Analyst,24.12.1994
369,Decca,Glennon,Pocohuanca,Male,3583362761560062,Recruiting Manager,03.08.1996
370,Marj,Calvey,Wola Rębkowska,Female,3543169196130422,Senior Cost Accountant,04.10.1992
371,Jeniffer,Molyneux,Tarui,Female,3565402407778843,Web Designer IV,29.02.1996
372,Rance,Tavner,Panitian,Male,3570938767872059,Executive Secretary,15.04.1996
373,Raphael,Bratten,Fenghuangdong,Male,201744359305851,Analyst Programmer,15.02.1992
374,Neale,Jacks,Rosh Ha‘Ayin,Male,372301443842978,Nuclear Power Engineer,02.08.1996
375,Filippa,Bennie,Burgaltay,Female,5100148087970872,VP Quality Control,07.06.1992
376,Robinet,Dunkirk,San Rafael,Male,201959754286908,Health Coach IV,14.12.1995
377,Cash,Gentzsch,IJmuiden,Male,3585449678007184,Sales Representative,29.01.1994
378,Wolf,Reay,Sydney,Male,5559411599285676,Marketing Manager,31.01.1992
379,Mortie,Blowfield,Canauay,Male,67625109696062259,Community Outreach Specialist,18.08.1996
380,Davidde,Marien,La Dorada,Male,3544016884629620,Accounting Assistant III,24.04.1994
381,Goddart,Hydes,Firá,Male,5108759401763306,Data Coordiator,25.09.1996
382,Raoul,Freddi,Stará Huť,Male,3531039451596381,Food Chemist,30.12.1998
383,Ferd,Cauley,Sanjiao,Male,5457931192357286,Programmer Analyst III,16.07.1992
384,Ravid,Kerrod,Renfrew,Male,3589118554734312,Teacher,13.11.1998
385,Seymour,Recke,Viçosa,Male,201800538167164,Pharmacist,26.06.1998
386,Chevalier,Petriello,Zhangjiaji,Male,3562501122018584,Librarian,18.02.1995
387,Corney,Shopcott,Wangwu,Male,3583073937706352,Food Chemist,27.09.1997
388,Paige,Atack,Singasari,Female,3530920128935501,Legal Assistant,02.03.1993
389,Paquito,Quare,Orodo,Male,5100137391279146,Project Manager,13.02.1994
390,Hale,Colombier,Kuala Lumpur,Male,5228880134641877,Marketing Manager,20.10.1996
391,Evangelin,Berends,Guanmiao,Female,67095514766757749,Office Assistant IV,04.08.1998
392,Milissent,Foat,Brétigny-sur-Orge,Female,3566422352690313,Sales Representative,21.05.1998
393,Hayden,Bushell,Xianghu,Male,3549015702031469,Graphic Designer,06.04.1994
394,Car,Cowles,Masatepe,Male,5210633361002069,Account Executive,07.07.1998
395,Chucho,Mabee,Canhestros,Male,5038715462739903,Administrative Assistant II,05.02.1997
396,Anselm,Scrowton,Gudang,Male,6767295096867853046,Administrative Assistant III,24.05.1996
397,Rebeca,Billam,Shaozhai,Female,3568608368595037,Recruiter,14.08.1997
398,Stephannie,Thoresbie,Gap,Female,5100142307191724,Staff Scientist,04.05.1997
399,Aggy,Janc,Planaltina,Female,3572641472718462,Help Desk Operator,05.05.1995
400,Kahaleel,Fick,Pérama,Male,3554851069685501,Research Nurse,29.04.1993
401,Shelba,Hearl,Jin’e,Female,676181917993017543,Information Systems Manager,31.12.1996
402,Dag,Smitten,Sutton,Male,30310800851286,Analog Circuit Design manager,29.02.1996
403,Cassi,Spottiswood,Malabag,Female,3547824005984882,Senior Financial Analyst,22.11.1992
404,Reagen,Suffe,Tampa,Male,5602250685709356,Graphic Designer,13.12.1997
405,Dina,Writtle,Calape,Female,5602252589417553307,Programmer I,05.09.1996
406,Olympia,Nockalls,Butterworth,Female,5554945500287920,Database Administrator IV,03.01.1996
407,Siffre,Knivett,Xingang,Male,374283604681361,Budget/Accounting Analyst III,11.09.1992
408,Raina,Pilling,Tianxin,Female,3587539001893405,Senior Developer,19.04.1995
409,Joby,Tschirasche,Shipka,Female,201716604299089,Help Desk Technician,27.06.1994
410,Adelina,Glasner,Melíssia,Female,5260093101543501,Marketing Assistant,05.11.1996
411,Alexina,Eggers,Finspång,Female,5602249446561411,Staff Accountant II,09.05.1993
412,Hagen,Marginson,Shucheng Chengguanzhen,Male,3579782205241464,Tax Accountant,18.03.1997
413,Elonore,Scatchar,Urambo,Female,5048371077423968,General Manager,01.04.1992
414,Nerita,Hickinbottom,Mendes,Female,30116488272012,Financial Advisor,18.10.1998
415,Kaleb,Deveral,El Paso,Male,5401329112027559,Speech Pathologist,09.07.1992
416,Tommy,Sturges,Clarines,Female,5048376741916149,Dental Hygienist,03.01.1996
417,Scotty,Solomonides,Belomorsk,Male,6331100939337817,Nurse Practicioner,10.09.1998
418,Corny,Beane,Pishaj,Male,675915018180263019,Community Outreach Specialist,19.04.1997
419,Curtice,Walkinshaw,Sanying,Male,3572663552568716,Financial Advisor,09.06.1992
420,Trefor,Dabling,Bachok,Male,5007668051592331,Marketing Manager,25.12.1997
421,Mira,Whistlecraft,Tashanta,Female,561081300667205063,Data Coordiator,25.12.1996
422,Katha,Shier,Juntas,Female,6759670713948053378,VP Product Management,06.10.1997
423,Saleem,Brute,Pisz,Male,560223432975425843,Executive Secretary,13.03.1998
424,Rodolfo,Gadie,Kolirerek,Male,5602250189953401,Food Chemist,05.05.1995
425,Camella,Lowdyane,Paradahan,Female,50207964781018455,Marketing Manager,07.08.1994
426,Hyacinthie,Masser,Westonaria,Female,30283199180007,Software Consultant,24.04.1997
427,Frieda,Danilowicz,Ponce,Female,5429201054804527,Business Systems Development Analyst,10.06.1994
428,Trixie,Beeres,Gordon Town,Female,3587306381727706,Technical Writer,22.03.1992
429,Suki,Kenright,Lima Pampa,Female,3532980222066684,Project Manager,16.06.1994
430,Emalee,Boles,Sanjia,Female,3566362335035691,General Manager,30.01.1993
431,Stepha,Mewburn,Alexandroúpoli,Female,3559236917863481,Research Associate,05.11.1995
432,Kendell,Durtnal,Budënnovsk,Male,3533573881172825,Physical Therapy Assistant,29.04.1992
433,Ragnar,Herculson,Tuanalepe,Male,372301426947695,Tax Accountant,23.10.1998
434,Bernete,Conry,Buga,Female,676356483654256408,Editor,04.11.1998
435,Ashli,Blewitt,Buguruslan,Female,3555096923755087,Structural Analysis Engineer,19.11.1995
436,Glad,Giacomasso,Chincha Baja,Female,201950376201391,Professor,21.11.1994
437,Gerti,Cuddihy,Kamo,Female,3569946937139310,Geologist IV,27.01.1992
438,Bryanty,Eglise,Cikaras,Male,30311498336747,Automation Specialist III,02.09.1994
439,Lannie,Union,Piltown,Male,3585006899358000,Web Designer II,22.10.1997
440,Annabel,Varndell,Thị Trấn Nguyên Bình,Female,3536579043344266,Environmental Specialist,12.12.1994
441,Mickie,Lias,Chandmanĭ,Male,5602249213452927,Senior Financial Analyst,28.07.1992
442,Esme,Kilgallen,Sovetskiy,Female,4508724471415087,Marketing Assistant,07.06.1996
443,Colman,Boydle,Niedrzwica Duża,Male,3578273983602714,Recruiter,12.02.1997
444,Ring,Bille,Kleszczewo,Male,5108754798330629,Software Consultant,21.06.1996
445,Elton,Fenn,Khandagayty,Male,3580409321429321,Accountant I,20.05.1994
446,Sheff,Curror,Las Vegas,Male,5048373383493610,Research Assistant III,06.10.1994
447,Nye,Nitti,Ševica,Male,4905926769220934,Biostatistician I,26.04.1993
448,Eal,Eads,Bulawin,Male,5048377126314512,VP Sales,22.07.1994
449,Rubetta,Calderon,Dangcalan,Female,5100141638354373,Payment Adjustment Coordinator,26.04.1995
450,Jannel,Jenoure,Dongbian,Female,633457292065991456,Programmer Analyst II,06.08.1998
451,Matthieu,Crux,Jiangwei,Male,4017950911875,Sales Representative,31.07.1995
452,Cameron,Furmston,San Lucas Sacatepéquez,Male,5361040927117646,Cost Accountant,17.09.1998
453,Audry,Kytley,Bagusan,Female,3558882771019388,Statistician I,23.05.1995
454,Bertrand,Fetherston,Zhonggongmiao,Male,4041598198307,Executive Secretary,14.01.1995
455,Chris,McKernon,Pinamalayan,Male,374622956705288,GIS Technical Architect,04.07.1992
456,Nissie,Lowin,Nombre de Jesús,Female,5189662966526500,Mechanical Systems Engineer,05.11.1998
457,Max,Rasper,Apalit,Male,3533427644366838,Chemical Engineer,05.04.1998
458,Curcio,Chetham,Washington,Male,5100174877251356,Structural Analysis Engineer,03.06.1993
459,Cleo,Griffoen,Cete,Female,4175007452853555,Health Coach II,03.09.1993
460,Wally,Dibb,Ansan-si,Male,3538929841380350,Legal Assistant,17.01.1996
461,Ursa,Tinsey,Adil Makmur,Female,3551204880500835,Senior Cost Accountant,18.01.1995
462,Alameda,Dundridge,Hengli,Female,5893544449138470013,Quality Control Specialist,08.09.1998
463,Tresa,Schistl,Łękawica,Female,6375005585738316,Business Systems Development Analyst,07.08.1997
464,Wolf,Rands,Donji Vakuf,Male,3564822157209510,Graphic Designer,19.12.1998
465,Alfonse,Mellsop,Mingora,Male,5602216119847682,Quality Engineer,30.06.1998
466,Arlina,Dove,Johor Bahru,Female,337941178034459,Marketing Assistant,06.08.1993
467,Loy,Record,Umburarameha,Male,30333217500122,VP Product Management,15.02.1997
468,Hally,Andree,Shijing,Female,374283561983040,Senior Editor,19.08.1996
469,Chantalle,Geale,Songhu,Female,3547796093760970,Professor,22.12.1992
470,Kevan,Shucksmith,Garmeh,Male,201849893271459,Analyst Programmer,26.11.1998
471,Hale,Rotherham,Lubbock,Male,3583972851690213,Software Consultant,08.05.1997
472,Quintin,Guntrip,Maggotty,Male,6759622051893486,Environmental Specialist,15.06.1993
473,Heath,Bondesen,Hainan,Female,5413336255888065,Chief Design Engineer,01.11.1998
474,Marguerite,Osment,Stutterheim,Female,3534790745062260,Database Administrator III,02.07.1997
475,Margalo,Castelijn,Tempursari Wetan,Female,670992530465657019,Cost Accountant,29.01.1992
476,Pat,Foulsham,Paine,Female,6386324468030932,Help Desk Technician,18.08.1994
477,Gertrud,Matyushonok,Puncan,Female,3586982984464953,Senior Sales Associate,22.03.1998
478,Larry,Lambal,Buje,Male,3588276932489511,VP Accounting,25.02.1993
479,Denni,Lindenboim,Koslan,Female,4041372363515,Financial Advisor,01.10.1993
480,Hube,Ollerton,Houston,Male,201697460645047,Paralegal,10.02.1995
481,Tabbitha,Liptrot,Ngeni,Female,4911409266866526666,Payment Adjustment Coordinator,21.07.1995
482,Willey,Golding,Thành Phố Ninh Bình,Male,493628122531793496,Administrative Officer,03.08.1992
483,Valentin,Swadden,Donggang,Male,3536750550584558,Programmer II,16.12.1992
484,Lidia,Ardy,Tallkalakh,Female,201891410037096,Legal Assistant,22.09.1996
485,Tanner,Biesty,Nîmes,Male,3539453335471970,VP Quality Control,07.12.1993
486,Wrennie,Malenfant,Phak Hai,Female,3568961956533898,Structural Analysis Engineer,15.11.1997
487,Carley,Rippon,Toong,Female,3553524122028982,Project Manager,13.06.1994
488,Arlyne,Gerrietz,La Tinguiña,Female,6759301350426047,Quality Engineer,20.10.1997
489,Lissa,Stollery,Tsukuba,Female,3568336869828208,Budget/Accounting Analyst IV,11.05.1993
490,Boyce,Burrage,Cayara,Male,372301948417821,Operator,27.09.1996
491,Cyndie,Rapley,La Colorada,Female,3530068880973698,Sales Associate,06.07.1995
492,Breanne,Jenson,Huolongmen,Female,490376475528627501,Account Representative IV,22.08.1998
493,Tasha,Blazevic,Riosucio,Female,3562076430165484,Internal Auditor,23.08.1993
494,Avis,Jorin,Manama,Female,0604374542974337550,Software Engineer I,09.10.1995
495,Mariele,Guly,San Juan de Dios,Female,3573188098279106,Administrative Assistant III,10.07.1993
496,Edsel,Boobyer,Uzlovaya,Male,630443839424826824,Environmental Specialist,22.08.1995
497,Berk,Bennen,Huambo,Male,3549081651946453,Quality Control Specialist,10.09.1992
498,Inna,Zupone,Chonglou,Female,3573475510452290,Account Executive,23.12.1992
499,Amelie,Steffan,Abakan,Female,3558492229443352,Senior Developer,13.12.1995
500,Roshelle,Champken,Zawiya,Female,3546688600035445,Media Manager IV,02.04.1992
501,Jilly,Warwick,Shahe,Female,3534582431691357,Project Manager,01.04.1995
502,Rosie,Vsanelli,Pakenjeng,Female,6395443425029024,Food Chemist,24.05.1997
503,Konstantine,Royston,Trinidad,Male,5602239503066859,Civil Engineer,24.09.1993
504,Heindrick,Lebreton,Bergen,Male,6706433718425454,VP Marketing,15.04.1995
505,Fields,Valentin,Subotica,Male,3565427020536989,Web Designer I,04.08.1993
506,Birk,Botten,Xiaoya,Male,5562705511237524,Nurse Practicioner,25.09.1997
507,Mile,Tremellier,Puerto Esperanza,Male,5010121236383817,Structural Engineer,03.01.1993
508,Eveline,Wrigley,Atabayan,Female,4405368951266356,Account Executive,30.11.1996
509,Monica,Vlasenko,Peishe,Female,3568247288299394,Graphic Designer,22.11.1994
510,Herta,Ponte,Wola Filipowska,Female,3535420704496189,Associate Professor,27.07.1992
511,Corbett,Knibbs,Hiroshima-shi,Male,6759321261433295735,Help Desk Technician,02.05.1995
512,Genni,Jasiak,Taiping,Female,3587800376640858,Pharmacist,20.10.1997
513,Izak,Penrith,Kirkuk,Male,3578915273332341,Product Engineer,24.11.1998
514,Orran,Hatchman,Xinglongchang,Male,6378992108968867,Design Engineer,10.04.1998
515,Anthia,Curry,Seminole,Female,3577310124931957,Mechanical Systems Engineer,17.06.1998
516,Anthiathia,Pinsent,Muskegon,Female,3582722730333480,Actuary,28.02.1992
517,Salaidh,Kerbey,Marcara,Female,201539825816279,Quality Engineer,10.03.1997
518,Sloane,Capin,Kangmei,Male,201971974117896,Help Desk Operator,24.09.1992
519,Elliott,Bouts,Porsgrunn,Male,5610917643233775071,Financial Advisor,28.02.1995
520,Levey,Slafford,Bagumbayan,Male,5602241728343139,Pharmacist,31.10.1993
521,Joice,Lowre,Sinarharapan,Female,30539384419587,Environmental Tech,17.12.1994
522,Christiane,Thornewell,Jintun,Female,3589778010466773,Senior Cost Accountant,15.03.1994
523,Heddie,Godlee,Himanka,Female,3548161132361604,Health Coach I,22.12.1998
524,Scarlett,Aspey,Urazovo,Female,3582403401046467,Desktop Support Technician,07.08.1998
525,Agosto,Swatheridge,Sebeta,Male,4917471213395418,Nuclear Power Engineer,18.07.1995
526,Granthem,Dallemore,Kallithéa,Male,201526787272971,Tax Accountant,28.10.1995
527,Byran,Pantlin,Sobral da Abelheira,Male,3569208440588297,Senior Quality Engineer,19.10.1995
528,Duke,Devo,Zelenogorsk,Male,3577973829642862,Senior Sales Associate,21.01.1994
529,Gerry,McShea,Villa Nueva,Male,5002350944530860,Software Consultant,29.03.1993
530,Shermie,Chaudrelle,Xintang,Male,4844495766216802,Dental Hygienist,22.07.1997
531,Dov,Annear,Palanas,Male,3530480067757945,Occupational Therapist,15.07.1995
532,Shae,Dunphie,San Antonio Oeste,Female,3550510582118465,Marketing Assistant,16.04.1993
533,Tailor,Coule,Fangxiang,Male,3580126287166180,Software Test Engineer II,11.09.1997
534,Vito,Dutton,Huzhen,Male,3561888389106264,Speech Pathologist,30.05.1997
535,Rollo,Cotes,Koffiefontein,Male,3546505734871208,Operator,11.10.1996
536,Jerry,Woollard,Los Angeles,Male,3566782088275196,Legal Assistant,22.06.1994
537,Kellby,Verma,Embajador Martini,Male,30395035217528,Compensation Analyst,22.05.1997
538,Reeva,Primo,Fuying,Female,337941094711206,Food Chemist,02.04.1998
539,Monroe,Puddin,Borisova Griva,Male,56022597457975630,Design Engineer,29.02.1996
540,Hermon,Wyard,Jargalant,Male,630421583158843409,Graphic Designer,27.12.1995
541,Kristin,Dincke,Kalýves Polygýrou,Female,6304162857109018678,Programmer Analyst II,21.11.1994
542,Conney,Persse,Fajões,Male,3578642848814930,Research Assistant I,29.06.1998
543,Earlie,Gostridge,Paghmān,Male,560225921165145250,GIS Technical Architect,09.05.1993
544,Bron,Warlton,Hongshan,Male,30572237198686,Operator,24.08.1993
545,Marissa,Twamley,Novoul’yanovsk,Female,201446129257558,Director of Sales,10.03.1994
546,Vitoria,Creaven,Capitão Poço,Female,3553786141370378,Computer Systems Analyst II,04.03.1995
547,Bradly,d'Arcy,Suchedniów,Male,3553986991342614,Software Engineer I,26.07.1992
548,Jules,Darwent,Asahbadung,Male,3553964373426149,Electrical Engineer,30.09.1998
549,Alphonse,Atwel,Tamianglayang,Male,4041371146192,Safety Technician IV,01.07.1996
550,Jammie,Popelay,Lanyi,Female,5002350843458486,Community Outreach Specialist,06.07.1992
551,John,Collier,Montpellier,Male,3588704669769276,Automation Specialist IV,22.11.1996
552,Dunc,Fritter,Rengasdengklok,Male,3585720110232725,Director of Sales,22.03.1992
553,Clary,Backshaw,Fais,Female,3575984485633998,Physical Therapy Assistant,11.12.1997
554,Michell,Ruzic,Batangafo,Female,344441922636692,Internal Auditor,01.10.1992
555,Arliene,Ollerhead,Komyshnya,Female,677124691487414775,Account Executive,27.08.1996
556,Tybie,Brain,Woha,Female,4041372645259,Business Systems Development Analyst,30.04.1994
557,Edmund,Fawcett,Lazaro Cardenas,Male,4862299796007612,Professor,02.07.1997
558,Myriam,Petranek,Xikou,Female,502007142518350374,Structural Analysis Engineer,16.08.1998
559,Tamera,Antyukhin,Azteca,Female,56022489019393157,Speech Pathologist,08.11.1993
560,Veronica,Roderigo,Shypyntsi,Female,30514776864369,Office Assistant IV,13.05.1996
561,Joann,Esp,Santana,Female,6771641741520563762,Web Developer IV,02.07.1992
562,Kiri,Dunstone,Begowāla,Female,3534516425093683,Help Desk Technician,20.09.1993
563,Shirl,MacKill,Hujirt,Female,341523234999273,Accountant IV,25.12.1997
564,Reagen,Spooner,Pokrovskoye,Male,374283315417261,Senior Editor,30.08.1995
565,Raychel,Lander,Kitwe,Female,3568254642376116,Recruiter,27.10.1993
566,Ernesto,Dowdell,San Isidro,Male,3542672158743745,Graphic Designer,24.11.1998
567,Holt,Tisor,Ishinomaki,Male,3538432547110882,Executive Secretary,15.09.1996
568,Madison,Riddiough,Jiuzhai,Male,6304985189165543158,Automation Specialist III,06.06.1998
569,Tanhya,Conquest,Francisco Sarabia,Female,3573493038277834,Community Outreach Specialist,02.07.1995
570,Heloise,Ginley,Genova,Female,3542053202008114,Research Nurse,21.08.1995
571,Esra,Gonnel,Merritt,Male,6759198246325213,VP Sales,28.10.1996
572,Giulietta,Oaker,Yishui,Female,3581424409613950,Electrical Engineer,07.12.1996
573,Sibelle,Biaggioni,Nagarakembang,Female,3565754395732509,Help Desk Operator,22.11.1997
574,Errick,Duran,Waitun,Male,201683310156450,Nuclear Power Engineer,13.01.1994
575,Ulrika,Pinhorn,Kalmar,Female,3528791130502504,Internal Auditor,30.08.1995
576,Benny,Corder,Darenzhuang,Female,4041377870603888,Social Worker,11.01.1998
577,Kristian,McAless,Birendranagar,Male,5100140846855817,GIS Technical Architect,24.06.1995
578,Bevan,Warry,Wangjiang,Male,5559265407048423,Systems Administrator IV,17.01.1998
579,Mickey,Duns,Villa La Angostura,Male,374283819025453,Recruiter,13.09.1993
580,Diahann,Cram,Ampelgading,Female,3580547811421272,Software Test Engineer II,02.05.1995
581,Malena,Lean,Herceg-Novi,Female,6759434486204481,Geological Engineer,12.10.1998
582,Tallulah,Hatherill,Staryy Krym,Female,4041375337694268,Desktop Support Technician,09.05.1993
583,Kelvin,Sydall,Korfovskiy,Male,630412732624372656,Legal Assistant,27.03.1992
584,Marve,Jeandeau,Gondomar,Male,30237035383613,Web Designer III,03.07.1995
585,Kass,Putnam,Voronkov,Female,3586822592807286,Food Chemist,04.07.1998
586,Isa,Ziemen,Tandzut,Male,4026591045118031,Senior Developer,26.05.1998
587,Valry,Grisbrook,Cabo de Vila,Female,30038425533316,Graphic Designer,09.10.1997
588,Blanca,Brantl,Mayantoc,Female,5356426594513679,Health Coach IV,31.10.1994
589,Eva,Hammon,Cinyawar,Female,4405781749386908,Web Developer I,01.04.1994
590,Frasquito,Undrell,Caparrapí,Male,67610359634773775,Legal Assistant,18.10.1992
591,Brandy,Armatidge,Néa Ankhíalos,Male,67098313148036493,Systems Administrator IV,22.05.1992
592,Rozanna,Hanselman,Hudson Bay,Female,3545854253258129,Pharmacist,29.03.1994
593,Marlin,Abrashkin,Non Sung,Male,633345949282086784,Marketing Assistant,13.01.1995
594,Abagael,Filipic,Calvário,Female,5100138234955074,Compensation Analyst,29.02.1992
595,Chance,Shute,Yaxi,Male,3572297247508926,Computer Systems Analyst IV,26.10.1993
596,Matthieu,Lippitt,Saaban,Male,4844840752253030,Software Engineer II,10.12.1998
597,Natala,Held,Kromasan,Female,5602248495388387,Computer Systems Analyst III,11.06.1997
598,Jackson,Burchfield,Penang,Male,3528153657814624,Executive Secretary,04.08.1997
599,Lonnie,Meadway,Nora,Male,676102504988825217,Director of Sales,01.02.1997
600,Zia,Greenacre,Derviçian,Female,3562652945328682,Data Coordiator,18.10.1995
601,Serena,Dy,Itacorubi,Female,337941381140812,Sales Representative,21.10.1995
602,Fiorenze,Hannis,Sutukoba,Female,5602233754661762947,Pharmacist,24.02.1994
603,Editha,Janes,Jindui,Female,6331100106340388,Geological Engineer,11.05.1993
604,Kristos,Portwaine,Solnechnogorsk,Male,3534827172997384,Accountant II,15.12.1995
605,Averil,Friedman,Charleston,Male,3554562361192142,VP Product Management,18.08.1995
606,Wallace,Ivakhnov,Obodivka,Male,5321619896311311,Tax Accountant,17.05.1996
607,Geordie,Jefferies,Borovskiy,Male,3538110045878651,Account Executive,16.01.1997
608,Lynn,de Almeida,Mubo,Female,30317961621499,Design Engineer,26.11.1994
609,West,Quogan,Osa,Male,4405147727687313,Research Associate,07.07.1998
610,Susy,Blair,Tisul’,Female,0604393109378915030,Assistant Media Planner,09.03.1994
611,Phil,Lazell,Tlogowetan,Female,676279047358843854,VP Sales,09.07.1997
612,Nancey,Spring,Guli,Female,3544941576713806,Internal Auditor,30.09.1993
613,Finlay,Matches,Arroyo Seco,Male,30479652390741,Actuary,09.07.1992
614,Julianna,Ochterlonie,Bihać,Female,3535631354219057,Marketing Manager,30.12.1995
615,Coletta,Jefferson,Garça,Female,5610260285309317,Account Representative II,06.10.1992
616,Giustino,Breming,Saint-Malo,Male,0604252160777132735,Help Desk Technician,28.02.1995
617,Karmen,Gittis,Esparza,Female,3556765210958849,Actuary,19.12.1996
618,Neall,Cater,Yingmaili,Male,3573726370570468,Software Test Engineer I,29.01.1994
619,Jori,Gowthorpe,Morales,Female,30460388373292,Research Associate,01.02.1997
620,Drusie,Rolfini,Melita,Female,3533912538324019,Teacher,04.04.1993
621,Judah,Sommerville,Warri,Male,560221583068215319,Tax Accountant,10.11.1997
622,Christophe,Binks,Balagon,Male,30309923579469,Social Worker,09.03.1992
623,Neale,Penburton,Le Mans,Male,3587195723409382,Community Outreach Specialist,18.11.1996
624,Caitlin,O'Flannery,Poddębice,Female,3555370569671118,Financial Advisor,20.12.1992
625,Francklyn,Birkin,Haishan,Male,337941713800935,Sales Associate,24.07.1994
626,Debera,Kubczak,Bodø,Female,5100176216797627,Chemical Engineer,11.09.1992
627,Swen,Baird,Gunungsubang,Male,3561685078370569,Engineer III,24.07.1996
628,Coletta,Boothebie,Villanueva,Female,3559952515017581,Human Resources Assistant I,21.01.1996
629,Son,Zecchi,Nyanza,Male,371334095530808,Quality Engineer,11.07.1992
630,Madalyn,Dalby,Tullich,Female,36012457392150,Marketing Manager,16.09.1993
631,Laurice,Pascall,Międzybrodzie Bialskie,Female,3530455819374223,Senior Quality Engineer,21.03.1998
632,Wyatan,Whall,Kuroda,Male,6763665589196595,GIS Technical Architect,13.08.1993
633,Danila,Meiningen,Mundão,Female,5602252044453908,Structural Analysis Engineer,06.09.1992
634,Merle,Over,Sabana Grande,Female,201848630472529,Assistant Media Planner,04.10.1995
635,Quinlan,McGonigal,Rennes,Male,5471425328352297,Desktop Support Technician,18.01.1992
636,Travis,Tomaszynski,Richibucto,Male,5254154087715253,Chemical Engineer,30.09.1995
637,Sandie,Dahill,Manggekompo,Female,3575054668736263,Account Executive,15.10.1996
638,Sylvester,Humblestone,Guanagazapa,Male,3538567738744823,Research Nurse,09.11.1998
639,Conroy,Cornborough,Lukou,Male,633110239976510593,GIS Technical Architect,21.04.1993
640,Brody,Springall,Araras,Male,3561039603499479,Physical Therapy Assistant,26.07.1998
641,Amity,Dines,Mosoc Llacta,Female,30189598229818,Biostatistician IV,27.12.1996
642,Tatiania,Overill,Khulo,Female,3554304245616974,Project Manager,23.05.1992
643,Orelie,Pook,Mogok,Female,3579059851506049,Professor,25.01.1997
644,Crystie,Muslim,Kara-Balta,Female,30463237505312,Accountant II,21.03.1992
645,Casper,Shay,Menongue,Male,3582439549741031,Senior Developer,15.12.1993
646,Drud,McLorinan,Rego,Male,5365098159604182,Operator,29.06.1998
647,Alexandro,Gini,Yashalta,Male,5602228258136256,Media Manager II,28.09.1996
648,Gerardo,Huntingford,Riversdale,Male,3582382599445808,Recruiter,29.10.1993
649,Etienne,Mingotti,Bala Murghab,Male,3555088922019623,Senior Cost Accountant,30.09.1997
650,Charleen,Divill,Rūdiškės,Female,3561410410315952,Mechanical Systems Engineer,12.06.1994
651,Friedrich,Abyss,Kristinestad,Male,4903401132533376643,Professor,01.10.1995
652,Ira,Murthwaite,Laval,Female,3549495304050556,Analog Circuit Design manager,27.06.1992
653,Ceil,Delooze,Khe Tre,Female,3582971382972778,Biostatistician I,23.01.1996
654,Pammie,Ghilks,Dengzhuang,Female,5489493545468940,Budget/Accounting Analyst II,30.06.1998
655,Janeva,Onele,Novyy Svit,Female,50205527872538541,Research Assistant II,08.05.1998
656,Lukas,Davidovitz,Szeged,Male,374288251829510,Graphic Designer,21.02.1998
657,Adrian,Peerman,Dongshan,Female,201661714444524,Electrical Engineer,05.07.1995
658,Katee,Cornu,Guanambi,Female,4913240884423492,Nurse,29.05.1996
659,Philipa,Messager,Daqiao,Female,3588676898430286,Teacher,07.01.1998
660,Brigitte,Danielsohn,Rafaela,Female,5048372137295735,Community Outreach Specialist,10.10.1993
661,Ikey,Molnar,Roun Satu,Male,374283297530180,Executive Secretary,05.04.1996
662,Lesya,Duckitt,Balete,Female,3529286043442053,Analog Circuit Design manager,21.03.1995
663,Ivar,Grzesiak,Babakan,Male,201639988677888,Web Designer IV,31.12.1995
664,Hart,Colhoun,Matalam,Male,3567398910491551,Sales Associate,25.03.1993
665,Quillan,Harnett,Kolaka,Male,3533871806198028,Programmer Analyst II,01.06.1993
666,Adamo,Brecknock,Ludwin,Male,5018529763061704369,Graphic Designer,15.12.1992
667,Tymon,Wellbeloved,Ressano Garcia,Male,3537044855743740,Project Manager,16.11.1996
668,Roi,Clemens,Oslo,Male,5276135441099017,Developer I,18.06.1996
669,Nero,Mayoral,Buchanan,Male,3541892388621724,Product Engineer,23.09.1997
670,Sherlocke,Medendorp,San Pedro de Macorís,Male,493636543407519170,Recruiter,25.03.1992
671,Cathrin,Mullins,Göteborg,Female,3528183740059762,Chemical Engineer,04.10.1998
672,Erminie,Blower,Krajan Tengah,Female,36220133761017,Pharmacist,15.07.1998
673,Beverly,Smickle,Svetlanovskiy,Female,6333934981345810510,Electrical Engineer,05.06.1997
674,Dwight,Kerfod,Taoudenni,Male,5641828607529325738,Desktop Support Technician,27.05.1993
675,Myrta,O'dell,El Aguacate,Female,4911014381083457608,General Manager,27.09.1997
676,Jasun,Fransewich,Kontagora,Male,3575092257864070,Help Desk Technician,02.11.1995
677,Cecily,Janaud,Rio de Janeiro,Female,3553259415996807,Desktop Support Technician,04.11.1993
678,Israel,Raye,Nantes,Male,3552105069565771,Staff Accountant III,27.06.1997
679,Olga,Dahl,Papelón,Female,060491386709066271,Help Desk Technician,29.09.1993
680,Chery,Meron,Zhongbao,Female,348396237229946,Mechanical Systems Engineer,24.08.1996
681,Rhody,Ianne,Bukabu,Female,5602214167635828,Senior Sales Associate,06.10.1997
682,Natty,Guild,Balong Wetan,Male,3552357046071973,Technical Writer,27.01.1993
683,Grant,Doby,Rantau,Male,5100143364180709,Computer Systems Analyst II,20.08.1993
684,Juliann,Shiel,Isnos,Female,560225000042834251,Junior Executive,17.05.1995
685,Jeane,Dumpleton,Gyumri,Female,67095816044612996,Civil Engineer,07.12.1997
686,Appolonia,Burrage,Krasnogorskiy,Female,4041596477230296,Geological Engineer,10.05.1998
687,Roxane,Shoebridge,Tanabe,Female,3574907478448109,Pharmacist,29.10.1998
688,Alano,Eastment,Loudi,Male,3566850686658442,Administrative Assistant I,05.06.1995
689,Kacey,Daniels,Gongdanglegi Kulon,Female,3552555478164782,Developer I,21.05.1995
690,Corby,Sears,Kanbe,Male,372301989699485,Electrical Engineer,15.10.1994
691,Anatola,Jewel,Velké Opatovice,Female,3575491216423137,Web Developer III,22.03.1992
692,Valeria,Chatell,Al Manzilah,Female,374622443089924,Senior Quality Engineer,15.11.1994
693,Obed,Lucas,Bzou,Male,4026153464319754,Chief Design Engineer,03.01.1996
694,Tanney,Gendricke,Zhonghuopu,Male,5602258507064975,Sales Associate,11.09.1994
695,Hew,Pittendreigh,Ilebo,Male,3582862108483127,Internal Auditor,24.01.1997
696,Barth,Ragbourn,Inđija,Male,5002355954311879,Social Worker,26.01.1994
697,Rosaleen,Sturdey,Tyshkivka,Female,3584942337496369,Senior Financial Analyst,22.03.1993
698,Nanice,Braban,Menglie,Female,3578815547766664,Teacher,26.12.1993
699,Patience,Schorah,Bichura,Female,3563439237582658,VP Accounting,25.04.1998
700,Fonzie,Longhi,Prokhorovka,Male,201860292079989,VP Sales,19.03.1994
701,Ellie,Friedlos,Qingyang,Female,677169603700168845,Assistant Professor,07.08.1997
702,Trish,Skitral,Tarusa,Female,3536733213601183,Automation Specialist III,11.07.1998
703,Myrtie,Lamplough,Cookshire-Eaton,Female,3535751606158422,Project Manager,26.02.1992
704,Clarissa,Marrow,Primorsko-Akhtarsk,Female,3566754899016663,Computer Systems Analyst III,23.04.1992
705,Philippine,Liepina,Heshi,Female,3576890893581977,Recruiting Manager,15.06.1992
706,Nealon,Issacson,Rulenge,Male,5453595482011368,Desktop Support Technician,10.03.1995
707,Ax,Firth,Iligan City,Male,5108753952213746,Product Engineer,20.08.1994
708,Freddie,Tiffin,Nguru,Male,3540424563672867,Analog Circuit Design manager,28.01.1998
709,Jill,Duhig,Privas,Female,3557271682679236,Marketing Manager,28.09.1998
710,Natalya,McBrady,Yuanhou,Female,633474212851176079,Design Engineer,07.08.1995
711,Sandra,Lavell,Kosava,Female,201608629183945,Statistician I,03.12.1997
712,Elicia,Roskrug,Lees Summit,Female,201565439274431,Actuary,30.10.1992
713,Penelope,Claris,Gombe,Female,30290354598022,Human Resources Manager,02.11.1992
714,Bobine,Dobbyn,Anicuns,Female,5602236536921639,Human Resources Assistant III,25.04.1997
715,Joanna,Keuntje,Zhoupu,Female,30244686932177,Geological Engineer,29.06.1995
716,Ardys,Mathen,Zongzhai,Female,3544598120009139,Accounting Assistant I,16.07.1993
717,Corella,O'Hannen,Bełk,Female,5610151203847720,Health Coach III,15.07.1996
718,Emilia,Ibel,Morbatoh,Female,3553506890854731,Actuary,30.10.1993
719,Chloris,Farrin,Baleagung,Female,3548450833116312,Chemical Engineer,13.02.1992
720,Daven,Driscoll,Sol’tsy,Male,30461001229572,Biostatistician IV,19.08.1997
721,Gilemette,McKerley,Xiage,Female,4508115567509281,Quality Engineer,09.11.1994
722,Vasily,Winton,Bohou,Male,6759906374307502293,Recruiter,15.11.1993
723,Joelly,Handrok,Huangshi,Female,3574936710585923,Pharmacist,25.11.1993
724,Dicky,Spinas,Los Pinos,Male,3583500766070872,Business Systems Development Analyst,15.07.1998
725,Omar,Stoddart,Guadalupe Victoria,Male,3534761898192469,Data Coordiator,02.02.1995
726,Clarabelle,Haresnaip,Skotoússa,Female,3541183107148276,Professor,02.12.1995
727,Yance,Whiteman,Lyubimets,Male,3546315596125812,Programmer IV,16.11.1996
728,Lilas,Shannon,Lumphăt,Female,3569707080051417,Geological Engineer,22.02.1997
729,Christel,Perello,Okpo,Female,560223049267693712,Librarian,25.02.1995
730,Clementia,Van der Velde,Ubatã,Female,5108756035764221,Human Resources Assistant II,25.05.1992
731,Milt,Kensett,Owando,Male,30420022844330,Accountant IV,30.07.1994
732,Conny,Treasure,Nenagh,Female,6709763604739122,Assistant Manager,28.07.1995
733,Mareah,Sidebotham,Weihe,Female,5610386973527405,Mechanical Systems Engineer,24.02.1993
734,Monte,Giraudel,Marki,Male,3560759341113543,Accountant IV,28.03.1994
735,Tommie,Murfill,Carlos Tejedor,Male,3546694904482077,Software Test Engineer IV,13.01.1994
736,Bendick,Gimert,Rakitnoye,Male,201845652766952,Marketing Manager,22.08.1997
737,Agata,Challiss,Krasnogorskoye,Female,6334206566380355,Assistant Media Planner,01.04.1997
738,Caddric,Ebben,Limbuš,Male,3532873256521882,Statistician III,11.08.1994
739,Hiram,Kellington,Awka,Male,201424260326151,Tax Accountant,30.01.1995
740,Carlen,Ungerecht,Pajung,Female,377540992257436,Technical Writer,12.03.1993
741,Paton,Tubbles,Citeureup,Male,4911978735515378,Staff Accountant I,11.12.1998
742,Morton,Klug,Riachão do Jacuípe,Male,3572693211597236,Staff Scientist,11.03.1996
743,Remington,Iffland,Dolores,Male,3586417893896508,Database Administrator III,19.11.1994
744,Julianne,Burbury,El Rosario,Female,5048371636600841,Marketing Manager,13.11.1996
745,Ramonda,Dalton,Zhengdonglu,Female,3571450734278682,Assistant Media Planner,30.05.1993
746,Ashby,Kosel,Guadalupe,Male,201957428093429,Structural Analysis Engineer,25.12.1995
747,Osbourne,Mainland,Bom Jesus da Lapa,Male,30440491034692,Graphic Designer,23.12.1993
748,Kylie,Chaney,Bandeirantes,Female,3573124606383676,Nurse Practicioner,28.02.1993
749,Westleigh,Wilshere,Sathing Phra,Male,633475626371878303,VP Accounting,27.09.1992
750,Farly,Folliss,Calhetas,Male,3569351327106682,Engineer II,04.04.1996
751,Orella,Townsend,Laiwu,Female,4175005384266201,Mechanical Systems Engineer,05.07.1995
752,Annabal,Merrydew,Sok Kwu Wan,Female,5048377996774027,Technical Writer,27.02.1995
753,Noni,Bushe,Newbiggin,Female,201508115967043,Teacher,24.11.1997
754,Rodie,Gonnet,Jintang,Female,3560321351569666,Media Manager I,25.06.1997
755,Antoine,Foord,Kangmei,Male,3532011527056608,Sales Associate,30.10.1996
756,Humfried,Delacourt,Yanqul,Male,3569167957183753,Sales Associate,02.08.1996
757,Julianna,Pierton,Hino,Female,676790325343666014,Paralegal,04.10.1996
758,Christean,MacKee,Lingbei,Female,4917868725878353,Operator,26.02.1997
759,Worthington,Henaughan,Pa Mok,Male,0604423532394230,Budget/Accounting Analyst IV,22.09.1998
760,Rock,Emlyn,Kuanping,Male,3580864111045648,Statistician I,04.07.1994
761,Read,Tombleson,Alcalá,Male,3530772381369054,Marketing Manager,14.05.1997
762,Georgia,Paulisch,Isfara,Female,491163871333663001,Research Nurse,01.01.1994
763,Celia,Bagguley,Llazicë,Female,5231207947020856,Sales Representative,11.04.1992
764,Mireielle,Covey,São Miguel da Carreira,Female,30405393029801,Environmental Tech,26.04.1993
765,Ruperta,Sephton,Verkhnevilyuysk,Female,3589529040410780,Environmental Tech,29.10.1992
766,Gray,Gallaher,Basak,Male,560222361449681056,Associate Professor,22.07.1993
767,Elsey,Hendonson,Huangma,Female,3536152220866152,Executive Secretary,01.04.1994
768,Luce,Newart,Quartier Militaire,Male,3563366410952632,Quality Engineer,12.08.1996
769,Simonette,Ormistone,Ribeira,Female,3544906134576458,Programmer Analyst I,22.10.1992
770,Desi,Arpe,Mochumí,Male,676724086899037353,Statistician I,11.02.1997
771,Joeann,Collisson,Pskov,Female,5048370579476573,Structural Engineer,09.12.1992
772,Maryjane,Lautie,Somerset East,Female,201784958183598,Financial Advisor,29.08.1996
773,Goldina,Darlasson,Vilya,Female,3543438782062467,Help Desk Technician,15.06.1995
774,Kass,Guiducci,Połomia,Female,564182737728732316,VP Sales,18.06.1998
775,Odele,Wisham,Oslo,Female,6706864901839392,Financial Advisor,18.02.1995
776,Shanta,Bitcheno,Sukadana Selatan,Female,3566694803365592,Food Chemist,14.09.1993
777,Augustine,Riddock,Bitica,Female,5100176696575881,Librarian,02.10.1992
778,Petronella,Risbridger,Trzebinia,Female,3583108674035647,Account Coordinator,03.01.1998
779,Rorke,Dorwood,Laon,Male,201645198223074,Structural Analysis Engineer,12.04.1993
780,Trip,Schirok,Malhou,Male,3588011413247165,Developer II,01.02.1994
781,Iormina,Parell,Gros Morne,Female,56022278425465307,Research Nurse,27.07.1997
782,Ethelda,Lashbrook,Bantarpanjang,Female,5007660143014671,VP Accounting,13.04.1993
783,Fulton,Bolino,Montemor-o-Velho,Male,3550090240938901,VP Marketing,13.09.1996
784,Cecile,Giacometti,Bussum,Female,5602253322659849376,Senior Cost Accountant,05.03.1993
785,Valeda,Kolczynski,Cabugao,Female,3535163162664753,Design Engineer,22.01.1993
786,Dirk,Rhucroft,Ciudad Darío,Male,3544408918637036,Financial Advisor,04.03.1996
787,Erasmus,Carlisle,Połajewo,Male,3546456036669371,Paralegal,02.05.1992
788,Henrik,Shotton,Omaha,Male,501883120395058550,Junior Executive,03.01.1992
789,Daniele,Clapp,Krajanbaturno,Female,337941540761078,Associate Professor,25.11.1995
790,Neville,Pepis,Kalynivka,Male,201444336818312,General Manager,07.03.1998
791,Ned,Smallcombe,Jombang,Male,3549217679782609,Project Manager,12.01.1992
792,Auberon,Venner,Kafarati,Male,5010128295630806,Administrative Assistant II,02.02.1996
793,Cinda,Dunbobin,Trà Ôn,Female,6763305948516735205,Senior Financial Analyst,08.07.1997
794,Carri,Baynom,Matão,Female,3555530563561777,Clinical Specialist,22.10.1995
795,Yetta,Brodest,Örnsköldsvik,Female,3580493980621717,Administrative Officer,11.08.1994
796,Cynthia,Duiguid,Bremen,Female,4844903437385864,Information Systems Manager,15.07.1995
797,Nikos,McGonigal,Giado,Male,6334498579324409332,Food Chemist,13.01.1994
798,Ketty,Le Guin,Hậu Nghĩa,Female,5002354393310238,Office Assistant III,26.07.1998
799,Adelheid,Pitblado,Gasi,Female,3547255796516270,Structural Analysis Engineer,26.07.1994
800,Norma,Feldberger,Lindian,Female,3562507033335371,Account Representative IV,02.03.1992
801,Minda,Riddich,Gayam,Female,4405346566040416,Account Coordinator,15.09.1995
802,Kira,Jollie,Radā‘,Female,3533088058908513,Research Assistant II,07.08.1994
803,Matteo,Van den Dael,Seixezelo,Male,3575662951168976,Information Systems Manager,28.03.1994
804,Prudence,Keyzor,Banjar Dharmasemedi,Female,374622615044970,Clinical Specialist,04.05.1994
805,Rochelle,Lashmar,Iława,Female,3544150085991693,Civil Engineer,16.04.1997
806,Erin,Wight,Concepción del Uruguay,Female,3531228267487279,Librarian,21.02.1995
807,Bradly,Sullens,Rominimbang,Male,3551245274699923,Database Administrator I,24.02.1993
808,Leodora,Fellow,Loncoche,Female,3563085697839227,Clinical Specialist,05.04.1992
809,Charita,Dyneley,Xiangtan,Female,3555147791540927,General Manager,14.08.1996
810,Nap,Popescu,Babirik,Male,36901211248460,Financial Advisor,07.08.1996
811,Shalom,Moodey,Sabaneta,Male,3589684238189512,Software Test Engineer IV,12.10.1997
812,L;urette,Upcott,Verbilki,Female,5038943247125087,Executive Secretary,07.02.1996
813,Sander,Hamflett,Xibing,Male,4041596792580,Automation Specialist III,06.11.1998
814,Merrily,Maillard,Kayima,Female,6331100797277550,Senior Cost Accountant,30.12.1992
815,Minor,Poulsen,Hebu,Male,6384036582009624,Financial Advisor,05.04.1997
816,Archibald,Jewkes,Petkovci,Male,3549411534334405,Research Nurse,02.08.1996
817,Sharity,Ferrieroi,Przyborów,Female,36701325197276,Health Coach II,13.03.1994
818,Anny,Dudley,Jalasenga,Female,5010120208835960,Teacher,07.05.1995
819,Aundrea,Davidi,Itaberaba,Female,3530148499369171,VP Quality Control,15.09.1997
820,Harlie,Andrea,Qiaojia,Female,4913168803864142,Operator,03.08.1992
821,Simmonds,Cliburn,Janes,Male,501814944433280973,Desktop Support Technician,08.05.1992
822,Torie,Shills,Rio Covo ( Santa Eulália ),Female,344267287707558,Graphic Designer,07.07.1992
823,Upton,Mccaull,Dawusu,Male,30415579999602,Engineer III,27.12.1998
824,Cindee,Myerscough,A’yi Take,Female,3545408930217196,Executive Secretary,03.06.1995
825,Rubie,Sigart,Borås,Female,67098793338374640,Professor,19.07.1997
826,Dorise,Furmagier,Besisahar,Female,0604790537098168,Administrative Officer,06.01.1996
827,Emylee,Wadeson,Zawiya,Female,3573112519281202,Graphic Designer,15.07.1993
828,Dru,Neaves,Kungälv,Female,3566133811631687,Civil Engineer,13.12.1994
829,Lindsy,Albiston,Selizharovo,Female,3565431030462954,Registered Nurse,20.01.1994
830,Morlee,Hinks,Olleros,Male,3547042239960764,Structural Analysis Engineer,10.01.1997
831,Lacie,Judron,Junchuan,Female,5602231443605102,Senior Developer,18.05.1992
832,Stella,Alesi,Gravelbourg,Female,5002355566995168,Web Developer IV,07.10.1992
833,Saundra,McIver,Louredo,Female,3543431335229758,Sales Representative,16.11.1993
834,Penny,Laffling,Néa Manolás,Female,5234747837504375,Developer II,10.11.1998
835,Noreen,Brannigan,Jefferson City,Female,490564106067576310,Senior Developer,15.01.1998
836,Myrlene,Wehner,Bamako,Female,3562793858153335,Graphic Designer,13.10.1992
837,Margo,Guilloux,Karlovy Vary,Female,3576392041512293,Environmental Tech,10.07.1992
838,Kory,Linbohm,Arys,Male,3587405411786722,Desktop Support Technician,12.04.1992
839,Kerrill,Scudamore,Kačanik,Female,3586119820223380,Registered Nurse,14.07.1993
840,Josee,Merrisson,Espinheira,Female,5002358180630609,Help Desk Technician,07.05.1993
841,Bettine,Dinneen,Kafarati,Female,3580320203341049,Structural Engineer,15.09.1993
842,Jodi,Daykin,Zunilito,Male,3554898279706379,Account Executive,21.10.1996
843,Mike,Couth,Gangbian,Male,5602240773927088195,Software Test Engineer IV,03.02.1994
844,Briney,Lishmund,Cilangkap,Female,3535499858340211,Software Engineer IV,21.01.1996
845,Sam,Algie,Lazi,Female,060477711352247548,Help Desk Technician,17.03.1997
846,Lorne,Burndred,Wedoro,Female,6331109357683693,VP Product Management,24.06.1996
847,Brose,Ballendine,Wenceslau Braz,Male,201860878480767,Chief Design Engineer,22.05.1994
848,Nydia,Le feuvre,Paipa,Female,3544858135538153,VP Product Management,18.05.1994
849,Alistair,Pele,Faīẕābād,Male,3580381758915611,Editor,22.07.1994
850,Jed,Innes,Nebug,Male,3575460606857667,Clinical Specialist,22.06.1996
851,Sherri,Cathrae,La Viña,Female,5007665989948056,Administrative Officer,03.04.1998
852,Drugi,Snibson,Honglin,Male,36195986017636,Nurse Practicioner,17.08.1995
853,Catrina,Neubigin,Savitaipale,Female,3560143494845476,Senior Developer,20.02.1992
854,Dena,Been,Cishan,Female,5100132601707408,Assistant Professor,03.05.1997
855,Elana,Vaar,Burgau,Female,3578198072461666,Social Worker,11.10.1994
856,Sarene,Cocke,Jihlava,Female,374283776205965,Research Associate,13.10.1997
857,Roderich,Dzenisenka,Dawu,Male,3564941954659303,Computer Systems Analyst II,01.12.1992
858,Mercedes,Kehir,Kembang,Female,201908796110311,Physical Therapy Assistant,09.10.1992
859,Clement,Chamberlaine,Hagondange,Male,3552686768595169,Electrical Engineer,14.11.1993
860,Baxie,Bradbrook,Gangmian,Male,3537957364354529,Administrative Assistant II,25.10.1994
861,Karlik,Bengefield,Santa Cruz del Quiché,Male,503870994661639090,Food Chemist,28.04.1997
862,Ardith,Eassom,San Juan Bautista,Female,5610171448728683,Environmental Specialist,13.03.1997
863,Kale,Kemmett,Marevo,Male,201915829903208,Sales Associate,14.12.1992
864,Felecia,Gellert,Valdice,Female,4175002655641584,Assistant Manager,12.12.1996
865,Natassia,Lloyds,Lyuban’,Female,4175003777473955,Media Manager I,14.10.1993
866,Roy,Aish,Shayu,Male,3542196741061456,Operator,02.04.1995
867,Thomas,Fripps,Lynn,Male,501856881196607654,Nuclear Power Engineer,29.12.1998
868,Becca,Harkins,Fenglai,Female,6759415335705034,Senior Editor,28.01.1992
869,Jeddy,Flather,Amboise,Male,5602253826387108,Payment Adjustment Coordinator,21.10.1993
870,Eddie,Fick,Banjar Bongangede,Male,30358006632604,VP Accounting,15.03.1998
871,Flossi,Hugonet,Albuquerque,Female,3556732971162268,Data Coordiator,03.07.1998
872,Nanete,Jira,Sędziejowice,Female,3557361327886864,Graphic Designer,22.01.1993
873,Emiline,Wallhead,Aykhal,Female,4113732149429,Research Nurse,25.02.1998
874,Shaughn,Scrowton,Fengyang,Male,676182751993475636,Senior Developer,18.06.1997
875,Salomone,Cornbill,Bograd,Male,4913227804158316,Civil Engineer,28.07.1993
876,Case,Goolden,Ralung,Male,3547407539765546,Clinical Specialist,20.02.1992
877,Pepito,O'Dempsey,Nusajaya,Male,3544510445008530,Engineer III,06.09.1993
878,Zechariah,Le Franc,Yun’an,Male,5048375272457150,General Manager,11.01.1993
879,Abie,Givens,Mehtar Lām,Male,3552379877368765,Sales Associate,09.05.1997
880,Richardo,Pettiward,Huapi,Male,0604672984108197,Registered Nurse,17.08.1993
881,Jerrilee,Healks,Kavásilas,Female,379949952549468,Research Associate,31.03.1994
882,Evelyn,Vigars,Popayán,Male,3582679351288445,Cost Accountant,11.10.1993
883,Kalil,Madrell,Mattawa,Male,677132762958881154,Senior Editor,15.11.1996
884,Yurik,Woodhams,Dailing,Male,5602244114145563,Recruiter,19.10.1997
885,Iseabal,Galgey,Al Kiswah,Female,201657350059469,GIS Technical Architect,29.02.1996
886,Emily,Semarke,Porciúncula,Female,3546380660134439,Account Executive,30.10.1996
887,Hyman,Colquit,Ripky,Male,3588849150967614,Administrative Assistant I,03.11.1997
888,Madelene,Antonijevic,Bendo,Female,6304031231406209316,Speech Pathologist,22.10.1993
889,Wright,Molloy,Seririt,Male,4905547152542260,Senior Sales Associate,20.01.1994
890,Abraham,Pettet,Pontivy,Male,3564281413691781,Analyst Programmer,02.09.1992
891,Ferrel,Hoovart,La Tinguiña,Male,50203964255387695,Senior Sales Associate,28.12.1997
892,Kaiser,Di Angelo,Sanana,Male,4936221787136630759,Nurse,01.06.1992
893,Justine,Garaway,Yenakiyeve,Female,201540426207124,Tax Accountant,19.05.1998
894,Beck,Stutte,Litan,Male,4917346539292533,Chemical Engineer,01.10.1996
895,Laverne,Alcoran,Campo Formoso,Female,676159399714965995,GIS Technical Architect,30.01.1997
896,Harold,MacGiffin,Indianapolis,Male,3588066943585716,Speech Pathologist,01.09.1993
897,Alie,Garoghan,Ujung Gading,Female,378681423372987,Accounting Assistant I,15.06.1998
898,Aubry,McCreedy,Vladimir,Female,3584668215735285,Analyst Programmer,25.05.1994
899,Hillard,Pellman,Fayzabad,Male,63049729804491798,Information Systems Manager,12.09.1996
900,Emiline,Demeza,Santa Fe,Female,5010129472903263,Geological Engineer,10.01.1992
901,Edward,Blase,Fengjiang,Male,4917800055748369,Data Coordiator,28.06.1998
902,Brunhilde,McGinny,Jaworzyna Śląska,Female,36259088093323,Chief Design Engineer,14.02.1992
903,Neila,McIlwreath,Fuxing,Female,3586052758438169,Registered Nurse,08.09.1997
904,Hildegarde,Rolin,Gangkou,Female,3580756834509753,Senior Editor,08.03.1992
905,Isador,Clappson,Xinzhaiping,Male,5018160280028797,Graphic Designer,20.05.1996
906,Leonid,Panchin,Osa,Male,6381259901020832,Teacher,03.01.1996
907,Katha,McCracken,Novyy Urgal,Female,3566218788091906,Associate Professor,09.02.1998
908,Jessie,Martinson,Lelystad,Male,3572093724225971,Community Outreach Specialist,20.09.1997
909,Jody,Westlake,Pulorejo,Male,3584202669871618,Senior Developer,15.03.1993
910,Lillian,Woodrough,Kristianstad,Female,5007667521902773,Programmer II,18.07.1994
911,Amitie,Diggins,Finote Selam,Female,5602213138926340588,Analog Circuit Design manager,11.06.1994
912,Vern,Oakes,Corumbá,Male,3586411175312615,Chemical Engineer,03.11.1995
913,Crysta,Gooden,Santiago,Female,67614679137724769,Paralegal,05.05.1995
914,Norri,Whitman,Al Ma‘baţlī,Female,3535192854961326,Human Resources Manager,09.04.1994
915,Sawyer,Gherardelli,Chunhua,Male,3556656963596649,Associate Professor,23.06.1995
916,Esmaria,O'Doghesty,Gowarczów,Female,377299960049966,Software Engineer I,11.03.1995
917,Tedie,Follis,Criciúma,Male,201613239760231,Business Systems Development Analyst,19.09.1995
918,Addy,Sancraft,Yevpatoriya,Female,6304202317455365183,Account Executive,17.08.1997
919,Reta,Cato,Petaling Jaya,Female,4917165179387050,Internal Auditor,10.06.1997
920,Ignaz,Pledge,Mozdok,Male,3581544945966610,Community Outreach Specialist,27.10.1997
921,Lucio,Dicey,Masatepe,Male,4017951611177,Junior Executive,07.03.1994
922,Lory,Garford,Stírion,Female,3539917516397311,Tax Accountant,04.06.1995
923,Kahaleel,Wolstencroft,Shuibian,Male,4917835590078799,Senior Quality Engineer,07.08.1996
924,Humphrey,Lishmund,Huyang,Male,6771645369380345389,Software Engineer IV,15.12.1997
925,Alisander,Chritchlow,Liverpool,Male,30011118068981,Executive Secretary,30.04.1997
926,Ernestus,Whittuck,Jiekeng,Male,201983614249765,Nurse,24.06.1998
927,Si,Astie,Bongandanga,Male,6390342228807419,Recruiting Manager,07.05.1996
928,Muriel,Beddon,Severobaykal’sk,Female,3576074095628288,Office Assistant IV,14.11.1995
929,Gerick,Twycross,Kobelyaky,Male,5602221331185572,Speech Pathologist,24.07.1997
930,Bryana,Fraczek,Uinskoye,Female,3588866690027733,Human Resources Assistant II,02.11.1997
931,Fairleigh,Janman,Dalun,Male,6383385863137963,Human Resources Manager,11.04.1996
932,Purcell,Froggatt,Ughelli,Male,3568421791911734,VP Quality Control,03.06.1997
933,Raeann,McFater,Sanlidian,Female,6331108154811549,Clinical Specialist,15.02.1998
934,Natala,Westley,Quibdó,Female,3569714270796868,Desktop Support Technician,27.05.1996
935,Raimondo,Kupec,Hongkeli,Male,201872022200066,Software Test Engineer I,29.04.1993
936,Kristoforo,Chaffyn,Camp Flora,Male,3535502209328783,Cost Accountant,23.03.1992
937,Keven,Reuble,Kertanegla,Male,201540244752152,Professor,07.01.1997
938,Oswell,Youhill,São João dos Montes,Male,30152196605250,Director of Sales,22.02.1994
939,Bettine,McPharlain,Rousínov,Female,5602226966771448,Data Coordiator,29.12.1995
940,Noreen,Talby,Huaqiao,Female,337941034243088,Automation Specialist I,15.04.1997
941,Cammy,Thursby,El Vigía,Female,3530965765050726,Software Test Engineer II,24.06.1998
942,Karlie,Cussen,Montreuil,Female,3555206309736474,Office Assistant II,09.10.1998
943,Tommy,Greggor,Abóboda,Male,201582892814280,Biostatistician II,04.03.1998
944,Jermayne,Corben,Orhon,Male,4017955526587,Physical Therapy Assistant,01.02.1997
945,Jenna,Tuddenham,Bofuer,Female,3545820274574067,Assistant Media Planner,25.11.1998
946,Christalle,Kindon,Debesy,Female,5548446750285853,Office Assistant IV,02.03.1996
947,Ulrich,Milkeham,Czerwionka-Leszczyny,Male,201909493261647,Chemical Engineer,20.06.1997
948,Francis,Bossons,Wushi,Male,5437533331648198,Internal Auditor,23.11.1994
949,Jeth,Macari,Spassk,Male,3543573260567155,Programmer I,25.11.1992
950,Barty,Rosenfelt,Albufeira,Male,6331103915920337290,Computer Systems Analyst II,10.08.1993
951,Taber,Warlton,Miami,Male,3547916204570809,Food Chemist,08.07.1992
952,Bartholomeus,Archell,Sidomulyo,Male,3562259941999936,Executive Secretary,04.07.1996
953,Lesly,Dady,Ndofane,Female,5007660767618260,Accountant I,20.02.1994
954,Sadye,De Giorgi,Weepanapi,Female,3589342736162412,Information Systems Manager,31.01.1994
955,Tybi,Browell,Shigu,Female,3588883373052771,Web Designer I,29.01.1992
956,Britney,Duignan,Kalembutillu,Female,3543520937309180,Research Associate,06.08.1995
957,Rolando,Behrens,Minanga Norte,Male,3559843681832574,Web Designer III,13.09.1993
958,Neely,Pfleger,Sabana Grande de Boyá,Female,3545314696660324,Operator,14.02.1996
959,Merv,Buckley,Trzebunia,Male,6762704129790702612,Account Representative II,14.04.1992
960,Barnabas,Borland,Kari,Male,3559869462468791,Assistant Professor,25.01.1996
961,Yankee,Klimashevich,Montgomery,Male,6763532372130499475,Teacher,30.11.1997
962,Lynette,Luca,Harrison,Female,3559593631110916,Safety Technician IV,05.06.1994
963,Lotta,Moxson,Huangzhawan,Female,3585185106380443,Financial Advisor,25.07.1992
964,Rodolph,Kuschel,Kosai-shi,Male,3565320833499323,Programmer Analyst II,30.01.1994
965,Rayner,Steagall,Novi Pazar,Male,4017950851972,Senior Cost Accountant,21.05.1997
966,Cordelie,Pailin,Shengrenjian,Female,6395478372891117,Engineer IV,12.12.1996
967,Jarib,Marcu,Bungo-Takada-shi,Male,3582946638268007,Developer I,09.06.1994
968,Felice,Hunting,Ganta,Male,3542623811800802,Senior Cost Accountant,23.03.1996
969,Heath,Lockery,Sacramento,Male,3548613218474826,Programmer Analyst III,11.11.1992
970,Sammie,Baskeyfield,Bijela,Male,201999118514975,Chemical Engineer,02.01.1998
971,Andre,Pinnock,Zishan,Male,3568369149559186,Mechanical Systems Engineer,25.09.1993
972,Aura,Dyer,São Borja,Female,3556409618649961,Financial Advisor,30.01.1993
973,Rosalynd,Spadeck,Estreito Câmara de Lobos,Female,5007662375836516,Quality Engineer,18.03.1994
974,Viki,Gussie,Bataiporã,Female,3534341997947749,Accounting Assistant II,10.02.1996
975,Robinet,O'Breen,Cheb,Male,3538406632525477,Human Resources Manager,10.02.1992
976,Idell,Tregea,Metz,Female,5602256042338953,Project Manager,21.10.1998
977,Honey,Beckhurst,Zyablikovo,Female,5192800856101415,Assistant Manager,06.12.1992
978,Stormy,Wickmann,Emiliano Zapata,Female,3561271507266726,Payment Adjustment Coordinator,13.02.1994
979,Kristel,Casino,Kambia,Female,63048900741726163,Software Test Engineer IV,04.03.1995
980,Derrek,Kegley,Jinping,Male,3542402709576893,Analyst Programmer,10.12.1992
981,Mick,Noell,Tselinnoye,Male,3588080485419663,VP Product Management,28.07.1998
982,Sterling,Handscomb,Gravelbourg,Male,3528685902385785,Associate Professor,30.05.1993
983,Essy,Blackster,Paritjunus,Female,3587774482990459,Speech Pathologist,15.08.1994
984,Lay,Proudley,Amparafaravola,Male,3567899091297485,Staff Scientist,05.12.1995
985,Wynny,Antonio,Gozdowo,Female,3546814157148742,Graphic Designer,16.07.1992
986,Dahlia,Euler,Sungairaya,Female,3575411681469399,Tax Accountant,12.02.1997
987,Jud,Gaven,Las Palmas,Male,3566209649785802,Chemical Engineer,16.04.1997
988,Barron,Raulstone,Al Ghuwayrīyah,Male,5610419343637508961,Marketing Assistant,25.11.1995
989,Bendix,Waycot,Madison,Male,4026193907979632,Safety Technician I,25.08.1994
990,Madelene,Commusso,Maying,Female,4405351152148037,Marketing Assistant,26.02.1992
991,Northrup,Goodboddy,Nidri,Male,3578195829374382,Sales Associate,19.02.1993
992,Cameron,Polendine,Guanting,Male,5602219365922885357,Staff Scientist,01.06.1993
993,Rey,Dorie,Juan Adrián,Female,560221618042545132,Senior Financial Analyst,24.07.1992
994,Sky,Swane,Peski,Male,5610676841754342,VP Accounting,12.06.1994
995,Erhart,Soda,Urkarakh,Male,3567967852745511,Data Coordiator,20.09.1995
996,Norman,Filippone,Yuanda,Male,5893536766615061472,Environmental Specialist,15.07.1992
997,Fairfax,Mortell,Ivano-Frankove,Male,3536977735122984,Project Manager,05.07.1996
998,Aurlie,Smurthwaite,Capas,Female,4917039856521903,Dental Hygienist,21.03.1994
999,Liam,Chatband,Tanenofunan,Male,3552021086356534,Staff Accountant II,25.03.1992
1000,Travus,Trevance,Čížkovice,Male,6767184164365712,Senior Editor,24.12.1998
